year,month,MKTRF,SMB,HML,RMW,CMA,UMD,HMLM,REG,IA,ROE,ME,PEAD,FIN,STR,ILR,EPRD
1984,1,-0.0192,-0.0004,0.0758,-0.0089,0.0292,-0.0256,0.092739283,0.009207,0.024216,-0.037825,-0.010795,-0.01549149,0.075721082,0.0064,0.026049,0.020298
1984,2,-0.0482,-0.0159,0.0333,0.009,0.0158,0.0022,0.031452477,0.00767,0.008081,-0.006922,-0.017614,0.031185316,0.070777949,-0.0206,0.027709,-0.003037
1984,3,0.0063,-0.0029,0.0046,-0.0096,0.0117,0.0107,0.005014358,0.013193,0.007438,-0.007087,-0.002057,-0.014398142,0.027657244,0.0251,-0.017814,-0.006557
1984,4,-0.0051,-0.0095,0.012,0.0334,0.0076,0.0207,-0.001867037,0.024241,0.011412,0.021254,-0.010198,0.014819159,0.033499416,0.0161,-0.038993,-0.018198
1984,5,-0.0597,0.0013,0.0031,0.0236,-0.0046,0.0151,0.004169943,0.018653,-0.014779,0.018038,-0.004289,-0.006380987,0.007610636,0.0081,-0.008086,-0.036212
1984,6,0.0182,0.0011,-0.0266,0.0317,-0.0156,-0.007,-0.028365248,0.005022,-0.02224,0.017342,0.004361,0.00061238,-0.009368053,0.0096,0.039782,-0.050123
1984,7,-0.0274,-0.0222,0.0036,0.0355,-0.0215,0.0285,0.00664918,0.026832,-0.011333,0.035624,-0.024358,0.001613647,0.013636595,-0.0145,0.100022,-0.017646
1984,8,0.1028,-0.0026,-0.0182,-0.0068,-0.0092,-0.0559,-0.000269533,0.002173,-0.005642,0.009595,0.002388,-0.026970178,-0.036394498,0.0729,-0.041913,0.024608
1984,9,-0.008,-0.0003,0.0528,0.0137,0.0241,0.0362,0.047160769,0.012525,0.026125,0.002634,-0.006136,0.008444582,0.065804662,0.0428,-0.078094,0.039999
1984,10,-0.0084,-0.0144,0.0045,0.0118,-0.0109,0.0316,0.004194249,0.016277,-0.001114,0.027274,-0.013783,0.007199041,0.004014979,-0.0121,0.030391,-0.032382
1984,11,-0.0176,-0.0102,0.0406,0.0072,0.0206,0.0164,0.036495401,0.01603,0.022324,0.008237,-0.010661,0.015463675,0.04294297,-0.0067,-0.002673,-0.011428
1984,12,0.0184,-0.0065,-0.0026,0.0131,-0.0136,0.0149,-0.005364369,0.011563,-0.007952,0.025304,-0.00437,0.004195443,-0.010233135,0.008,-0.016725,0.012964
1985,1,0.0799,0.0351,-0.0535,-0.0089,-0.0341,-0.0682,-0.025653322,-0.017202,-0.035197,0.009805,0.034587,-0.013517452,-0.0623229,0.0232,-0.02398,-0.005504
1985,2,0.0122,0.0104,-0.001,0.0129,0.0106,0.0188,-0.005833133,0.021784,0.010872,0.014508,0.007533,0.002239321,0.017207224,0.025,-0.019931,-0.026689
1985,3,-0.0084,-0.0139,0.0407,0.0123,0.0288,0.0158,0.031596567,0.02142,0.032773,0.009209,-0.019802,-0.003640092,0.060250843,-0.0137,0.020695,-0.030189
1985,4,-0.0096,-0.001,0.0372,0.0155,0.0071,0.0304,0.022263726,0.018619,0.014232,0.001512,-0.00701,0.008273949,0.039356537,-0.0246,0.03644,-0.016473
1985,5,0.0509,-0.0231,-0.0096,0.0133,-0.0149,0.0399,-0.013708247,0.015343,-0.011269,0.032405,-0.016963,0.001345002,0.005170607,-0.0054,0.020247,-0.021737
1985,6,0.0127,0.0035,0.0038,0.0176,-0.0077,0.0357,-0.009909048,0.017054,-0.001719,0.028203,-0.005336,0.013541767,0.009092364,-0.0067,0.02839,0.013154
1985,7,-0.0074,0.0287,-0.0162,-0.0042,-0.0038,-0.0391,-0.005880444,0.013672,-0.00718,-0.017551,0.023597,-0.004134898,-0.005005716,0.0362,-0.08286,-0.004089
1985,8,-0.0102,-0.0029,0.0232,-0.001,0.0183,0.0185,0.017656363,0.010229,0.020278,0.004445,-0.001466,0.002029009,0.026981811,0.0177,-0.025481,-0.008478
1985,9,-0.0454,-0.018,0.0129,0.0114,0.0164,0.0151,0.007385396,0.017368,0.019335,0.011424,-0.018332,0.013818714,0.057119062,-0.0185,0.052129,-0.007836
1985,10,0.0402,-0.015,0.0075,0.0089,-0.0106,0.0488,-0.003853446,0.028835,0.002661,0.0221,-0.002573,0.005126262,0.018029638,0.0066,0.071666,0.048297
1985,11,0.0648,0.0002,-0.0285,0.0033,-0.0232,-0.0047,-0.023367799,-0.009011,-0.01682,0.017623,-0.002249,-0.014760554,-0.015019963,0.0241,-0.02229,-0.017589
1985,12,0.0388,-0.0041,-0.0154,0.0099,-0.018,-0.0023,-0.011278325,-0.009985,-0.014596,0.016959,0.002499,0.005778335,-0.006432082,-0.0034,0.018123,-0.000164
1986,1,0.0065,0.0101,0.0044,-0.02,-0.0203,0.03,-0.006387411,0.017846,-0.00724,0.016676,0.011173,0.015093968,-0.029669379,0.0084,0.012308,-0.029737
1986,2,0.0713,-0.0071,-0.0072,0.0106,-0.012,0.0276,-0.022152844,0.007408,-0.013847,0.022307,-0.004266,0.022493667,0.001503969,-0.0169,0.057704,0.016544
1986,3,0.0488,-0.0066,-0.0039,0.0121,0.0092,0.0241,-0.006542036,0.016661,0.012226,0.020063,0.005853,0.002491081,0.008673688,-0.0007,0.021345,-0.038612
1986,4,-0.0131,0.0284,-0.0287,0.0291,0.0003,-0.0037,-0.029710314,-0.000194,-0.015692,0.00628,0.010642,0.009418341,0.013521234,0.0282,-0.012574,0.036622
1986,5,0.0462,-0.0129,-0.0021,0.0213,0.0108,0.0205,-0.003206624,0.009855,0.013302,0.033736,-0.011843,0.009228707,0.030105003,0.0105,-0.003101,0.051107
1986,6,0.0103,-0.0089,0.0128,0.018,0.0087,0.0507,-0.011754138,0.008718,0.017528,0.052824,-0.002493,0.025900892,0.031566206,-0.0248,0.026072,-0.059947
1986,7,-0.0645,-0.0346,0.047,-0.0054,0.0084,0.0183,0.033622813,0.028576,0.014526,0.031619,-0.026442,0.008107604,0.024217687,-0.0286,-0.006098,0.037582
1986,8,0.0607,-0.0435,0.0351,-0.0166,0.0321,-0.0528,0.058376357,0.016651,0.030245,-0.027297,-0.044253,-0.001005973,0.012122246,0.0114,0.036651,0.040737
1986,9,-0.086,0.0205,0.0322,-0.0008,0.0371,-0.0579,0.05158061,-0.003259,0.032313,-0.039524,0.006344,-0.015496597,0.014203015,-0.0031,0.063203,0.089457
1986,10,0.0466,-0.0233,-0.0142,-0.0005,0.01,0.0446,-0.014412806,0.006009,0.005689,0.014996,-0.017298,0.046249276,-0.007208293,0.0358,-0.092079,-0.031124
1986,11,0.0117,-0.0188,-0.0007,0.0109,0.0067,-0.0026,0.003334255,0.037063,0.004243,0.011473,-0.019743,0.007585032,0.030115717,0.0071,0.002599,0.009332
1986,12,-0.0327,0.0012,0.0036,0.0079,0.0009,0.0035,-0.000257441,0.016472,0.010661,0.018831,0.008393,0.009053302,0.015117653,0.0061,0.007024,-0.046757
1987,1,0.1247,-0.0154,-0.0316,0.0017,-0.01,0.022,-0.022308799,0.029428,-0.012538,0.009991,-0.0123,0.042256681,0.002527389,0.0031,0.021303,-0.053847
1987,2,0.0439,0.034,-0.0591,-0.0076,-0.0266,-0.0207,-0.050713936,-0.005604,-0.019012,0.02101,0.033735,-0.002319413,-0.02438246,-0.0111,-0.010224,-0.052719
1987,3,0.0164,0.0028,0.0161,0.0136,0.0414,0.0168,0.017778098,0.013151,0.042147,-0.01121,-0.006612,-0.01067377,0.041810038,0.0181,0.051829,-0.044738
1987,4,-0.0211,-0.0154,-0.0039,-0.0049,0.0105,0.0022,0.005743356,0.006453,0.003763,-0.013785,-0.024905,0.013853146,0.012165976,-0.019,0.053883,-0.072125
1987,5,0.0011,-0.0056,0.0023,0.0051,0.0114,-0.0074,0.014837182,-0.002235,-0.001171,-0.023334,-0.012308,0.003384708,0.000725927,-0.003,-0.014981,7.00E-06
1987,6,0.0394,-0.0221,0.0104,0.017,0.0084,-0.0025,0.011253223,-0.002278,0.014229,0.014697,-0.015507,-0.008062869,0.031715579,0.0001,-0.033088,0.0315
1987,7,0.0385,-0.0114,0.0068,-0.0061,0.0161,0.0272,-0.00558887,-0.006309,0.001261,-0.018073,-0.020675,-0.002750697,0.016954129,-0.0022,-0.009913,-0.065743
1987,8,0.0352,-0.0094,-0.0093,0.0204,-0.0161,-0.0086,-0.005481284,0.025282,-0.002372,0.037936,-0.001931,-0.003562899,-0.022451226,0.0245,-0.070802,0.02407
1987,9,-0.0259,0.0038,0.0027,-0.0097,0.0187,0.0077,-0.001449372,0.018374,0.019149,0.005872,0.006209,0.024850443,0.006031731,-0.004,-0.016349,-0.005994
1987,10,-0.2324,-0.0807,0.0424,0.0204,0.0234,-0.0786,0.08482116,0.026169,0.033551,0.003344,-0.074686,-0.006204529,0.04719759,-0.0013,-0.024361,0.052776
1987,11,-0.0777,0.0285,0.0295,-0.0188,0.0068,-0.0117,0.020712827,0.008926,0.005998,-0.006687,0.03275,-0.008110968,0.019224023,-0.0087,-0.007234,-0.026626
1987,12,0.0681,0.0006,-0.0443,0.0296,-0.0242,0.0587,-0.042756745,0.01674,-0.02426,0.038843,0.002421,-0.017985656,-0.029234709,0.058,-0.079537,0.008297
1988,1,0.0421,-0.0051,0.0501,-0.0114,0.0213,-0.0724,0.084218372,-0.017562,0.013194,-0.040669,-0.00751,0.033393553,0.035696833,0.0791,-0.052687,-0.026796
1988,2,0.0475,0.0332,-0.0171,0.0156,-0.0001,-0.0147,-0.010896032,-0.005616,-0.006254,0.010352,0.035117,-0.010073168,0.011014353,0.0436,-0.061785,-0.012164
1988,3,-0.0227,0.0625,0.0073,-0.0025,0.018,0.0058,-0.000251392,-0.02028,0.016772,-0.021555,0.05709,0.03154197,0.033271692,-0.0084,0.019977,0.003548
1988,4,0.0056,0.0116,0.0167,-0.002,0.0192,0.0224,0.004968182,0.009061,0.021312,0.00644,0.009169,0.006961927,0.0116104,0.0023,0.010989,-0.041404
1988,5,-0.0029,-0.0256,0.0242,-0.0074,0.0033,0.0063,0.022602824,0.013142,0.004677,-0.001678,-0.012091,0.002702961,0.017671235,0.0065,0.014412,-0.015196
1988,6,0.0479,0.0216,-0.0124,0.0147,-0.0337,-0.0293,-0.003228829,0.018257,-0.032454,0.022288,0.027761,0.007472463,-0.031154863,0.0187,-0.021529,-0.012516
1988,7,-0.0125,-0.0021,0.0222,-0.0058,0.0152,0.0066,0.020817301,0.000197,0.011077,-0.01134,0.002177,0.010597127,0.021491103,0.0336,-0.027452,0.006899
1988,8,-0.0331,-0.0003,0.0215,-0.0082,0.0176,0.0035,0.016331178,-0.001886,0.016686,-0.021518,0.0003,0.02073775,0.024598646,-0.0193,0.0526,0.031282
1988,9,0.033,-0.0136,-0.0075,0.0176,-0.0061,0.0027,-0.008120437,0.00819,-0.0042,0.021771,-0.014556,-0.000576666,0.017044739,-0.0012,0.029707,0.037534
1988,10,0.0115,-0.0295,0.0205,0.013,0.0103,0.0133,0.015735624,0.006653,0.005013,0.00056,-0.028125,0.010017343,0.0469413,-0.01,0.001037,-0.035873
1988,11,-0.0229,-0.0165,0.0141,-0.0028,0.0162,0.0033,0.009445612,0.003746,0.013928,-0.004884,-0.01928,0.010714018,0.024063715,-0.0067,0.015935,-0.023217
1988,12,0.0149,0.0201,-0.0169,0.0069,-0.0038,0.0049,-0.013083657,0.005134,0.004539,0.007818,0.024204,-0.012289022,-0.011189587,0.0229,-0.001139,0.015063
1989,1,0.061,-0.0231,0.006,-0.0095,0.0014,-0.0016,0.007375357,0.015548,0.000107,-0.003507,-0.02204,0.001600131,-0.01902612,0.0097,0.004364,-0.0095
1989,2,-0.0225,0.0271,0.0101,-0.0087,0.0181,0.0099,0.007717,-0.001586,0.015631,-0.004588,0.029516,-0.002511639,-0.000724852,0.0107,-0.00576,0.009469
1989,3,0.0157,0.0068,0.0058,0.0005,0.0072,0.0351,-0.006732229,0.007382,0.012637,-0.00142,0.013323,0.013654698,0.002799717,-0.0089,0.029473,0.025157
1989,4,0.0433,-0.0078,-0.0142,0.0071,-0.0057,0.0177,-0.021756729,-0.002715,-0.002841,0.011641,-0.009415,0.014698,0.005019763,-0.0065,0.032885,0.019005
1989,5,0.0335,-0.0001,-0.0088,0.0049,-0.0008,0.0152,-0.018209906,0.00366,0.001016,0.011975,0.000394,0.019759246,-0.00283824,-0.0274,0.03327,0.02998
1989,6,-0.0135,-0.0109,0.0225,0.0027,0.0156,0.0043,0.03139966,-0.009466,0.01593,-0.001521,-0.007322,-0.006743214,0.042904165,0.023,-0.002287,-0.002304
1989,7,0.072,-0.0415,-0.0279,0.0198,-0.0058,0.0541,-0.033203511,0.024612,-0.004503,0.049063,-0.03464,0.033459668,0.024200742,0.0143,0.016847,0.038246
1989,8,0.0144,0.0048,0.006,0.0039,-0.0058,-0.0012,0.005142042,0.001478,-0.004255,0.016506,0.00484,0.002652239,0.010852943,0.0185,-0.065487,-0.03822
1989,9,-0.0076,0.0049,-0.0127,0.014,0.005,0.034,-0.021001908,0.019118,0.011982,0.016439,0.007698,0.000538476,0.00745875,0.0117,-0.031466,0.002485
1989,10,-0.0367,-0.033,-0.0111,0.0011,-0.0004,0.0132,-0.016617501,0.02335,0.012994,0.014077,-0.033543,-6.65E-06,0.018373827,-0.0432,0.0393,0.043133
1989,11,0.0103,-0.0129,-0.0109,-0.0086,0.0141,0.026,-0.017825662,-0.006582,0.016323,0.002405,-0.013397,0.007224384,0.011472259,-0.0175,0.051944,0.014942
1989,12,0.0116,-0.0227,0.0016,-0.0007,0.0142,0.028,-0.00479436,0.024137,0.015752,0.010677,-0.019468,0.014047155,0.005407792,-0.0256,-0.004765,-0.011222
1990,1,-0.0785,-0.0131,0.0085,-0.0117,0.0135,-0.0327,0.016489255,-0.002262,0.00925,0.000355,-0.012188,0.001513746,0.008099964,0.0102,-0.00067,-0.000423
1990,2,0.0111,0.0117,0.0064,-0.0003,-0.0066,-0.0055,-0.008891584,0.000956,-0.010948,-0.003925,0.011796,0.014928091,-0.015697885,0.0049,0.038835,-0.055454
1990,3,0.0183,0.0162,-0.0292,0.0204,-0.0102,0.018,-0.032441943,0.016703,-0.003645,0.022864,0.012208,0.009460344,-0.003882093,0.0017,0.005157,0.013476
1990,4,-0.0336,-0.0033,-0.0259,0.0178,-0.0098,0.0239,-0.035854408,0.006246,-0.007918,0.019801,-0.004983,0.009515987,-0.006811449,-0.0182,0.043396,0.056804
1990,5,0.0842,-0.0235,-0.0383,0.0157,-0.0168,0.0303,-0.043486836,0.026144,-0.008618,0.037369,-0.016377,0.017499753,-0.032648527,-0.0035,-0.013869,0.043629
1990,6,-0.0109,0.0135,-0.0193,-0.0103,-0.0039,0.024,-0.019421233,-0.002721,0.002453,0.022253,0.01845,0.012577156,-0.008169473,-0.0022,0.025403,0.075129
1990,7,-0.019,-0.0316,-0.0003,-0.0018,0.0321,0.061,-0.003130435,-0.000068,0.040112,0.025571,-0.024684,0.012409044,0.039225417,-0.0068,-0.030267,-0.003326
1990,8,-0.1015,-0.0387,0.0164,-0.0035,0.0296,0.0188,0.011076417,0.012731,0.037203,-0.009983,-0.04526,0.022103094,0.031587583,-0.0365,0.066282,-0.008589
1990,9,-0.0612,-0.0374,0.0064,0.0006,0.0367,0.0578,-0.016414835,0.027381,0.026212,-0.004552,-0.034191,0.041562606,0.029018909,-0.0598,0.082666,-0.016848
1990,10,-0.0192,-0.0512,0.001,0.0297,-0.003,0.0671,-0.034110748,0.030536,0.002605,0.02077,-0.050423,0.028150924,0.019156544,-0.0268,0.008799,-0.031998
1990,11,0.0635,0.0007,-0.031,0.0065,-0.0474,-0.0548,-0.002158865,-0.008312,-0.039833,0.015215,0.004489,0.011214104,-0.03070228,0.0585,0.011537,-0.082466
1990,12,0.0246,0.0067,-0.017,0.0273,-0.0189,0.0029,-0.015567933,0.014665,-0.019466,0.038535,0.013158,-0.006342369,0.019688784,-0.0301,-0.015728,0.042586
1991,1,0.0469,0.0391,-0.016,0.0128,-0.0399,-0.0645,0.011330965,0.015865,-0.039503,0.001591,0.033624,0.049360756,-0.056351593,-0.0193,0.005479,0.006557
1991,2,0.0719,0.0394,-0.0058,-0.002,-0.0033,-0.0461,0.029900136,-0.006779,0.001463,-0.012402,0.036299,-0.012708591,-0.031300331,0.0193,0.014946,0.010637
1991,3,0.0265,0.0383,-0.0139,-0.0053,-0.0106,0.0287,-0.009966162,0.000366,-0.009285,0.016779,0.039312,0.026208696,-0.006658262,0.0052,-0.00579,0.05692
1991,4,-0.0028,0.0031,0.015,0.0062,0.0074,-0.0236,0.008546303,0.006157,0.004677,0.013981,-0.007093,0.007626096,0.012334104,0.0157,-0.018093,0.00888
1991,5,0.0365,0.0014,-0.0052,0.02,-0.0243,-0.0011,-0.006373738,-0.010619,-0.019526,-0.007118,-0.005648,0.007097294,-0.005282513,0.0008,-0.038621,-0.01343
1991,6,-0.0494,0.0024,0.0115,0.0179,0.0065,0.0047,0.014223644,0.004831,0.006135,0.013683,0.000591,0.001776399,0.041357882,0.0206,-0.029757,0.007832
1991,7,0.0424,-0.0096,-0.0132,0.016,-0.0136,0.0432,-0.023593738,0.003864,-0.006418,0.030468,-0.005405,0.009953112,-0.023060219,0.0213,-0.011978,-0.035434
1991,8,0.0232,0.014,-0.0078,0.0084,-0.0034,0.0157,-0.01733973,-0.002496,-0.000359,0.011586,0.012962,0.012396701,-0.026751753,-0.0292,0.049772,-0.048462
1991,9,-0.0159,0.0156,-0.0108,-0.0182,0.0008,0.0179,-0.004103058,0.002084,-0.008242,-0.003644,0.01812,0.001738319,0.00516474,-0.0076,0.027544,0.024312
1991,10,0.0129,0.0091,-0.0047,-0.017,-0.0023,0.0306,-0.00672113,0.032018,0.013518,-0.000451,0.00548,0.014272308,-0.012385902,-0.0118,0.012914,0.013515
1991,11,-0.0419,-0.0083,-0.0189,0.0111,0.0001,0.0114,-0.01228664,0.003457,0.003063,0.032845,-0.002929,0.022612406,0.001384388,-0.004,-0.003126,0.072878
1991,12,0.1084,-0.024,-0.0417,0.0355,-0.0312,0.0819,-0.071835977,-0.004648,-0.020278,0.067592,-0.014813,0.02728544,-0.03716561,0.0106,0.00045,-0.124933
1992,1,-0.0059,0.0918,0.0471,-0.0132,0.032,-0.0249,0.044832172,0.015419,0.015044,-0.040675,0.083447,-0.020399434,-0.047895048,0.0522,-0.001151,-0.050701
1992,2,0.0109,0.0133,0.0647,0.0008,0.0219,-0.0053,0.032843368,0.022092,0.022609,0.007464,0.014019,0.019505097,0.006033028,-0.029,0.047439,-0.033637
1992,3,-0.0266,-0.0093,0.0356,-0.0001,0.0195,-0.0029,0.029767867,0.020118,0.020114,0.010075,-0.011984,0.0051789,0.064057622,-0.0109,0.040762,-0.044178
1992,4,0.0107,-0.057,0.0434,0.0169,0.0223,-0.0258,0.053896633,0.020023,0.018032,-0.017011,-0.069392,-0.002785536,0.085422838,-0.0338,0.097397,-0.049928
1992,5,0.003,0.0021,0.0119,-0.0095,0.0048,0.0021,0.016685763,-0.007499,0.002946,-0.002076,-0.0026,0.014277995,0.000993597,-0.0016,0.004472,0.032305
1992,6,-0.0234,-0.0273,0.0324,-0.0005,0.0101,-0.0058,0.03011076,0.007786,0.006498,0.010499,-0.026362,0.01100436,0.043036691,0.0091,0.057545,-0.01512
1992,7,0.0377,-0.0062,-0.0056,0.013,-0.0091,0.0156,-0.006585799,-0.00024,0.003915,0.025486,-0.008431,0.007416393,0.003266856,0.0212,-0.031729,0.019456
1992,8,-0.0238,-0.0042,-0.011,0.0372,-0.0165,-0.0051,-0.009075567,-0.008624,-0.007708,0.015206,-0.003027,0.022496826,0.032448352,-0.0156,0.023991,0.049726
1992,9,0.0119,0.0048,-0.0026,0.0164,-0.0059,0.0149,-0.012060339,-0.008276,-0.003975,0.023975,0.006797,0.024696217,0.002841551,-0.0112,0.000263,-0.009819
1992,10,0.0102,0.0207,-0.0198,0.0124,-0.0079,0.0248,-0.034869418,0.0061,-0.003589,0.021272,0.015547,0.025494043,-0.023073243,-0.002,-0.027844,0.039688
1992,11,0.0413,0.0394,-0.0135,-0.0068,-0.0159,-0.0015,-0.024701551,-0.001423,-0.011712,0.009448,0.036882,0.01253132,-0.035704245,-0.0104,0.0608,0.016374
1992,12,0.0153,0.0168,0.0262,-0.0048,0.0084,0.0431,0.007278613,0.0104,0.014108,0.018297,0.02743,0.017349787,0.018728389,0.0123,0.002489,-0.044727
1993,1,0.0093,0.0193,0.0594,-0.0184,0.0291,0.0483,0.040367242,0.000495,0.029827,-0.014431,0.023197,0.001780319,0.011133693,-0.0045,0.000375,-0.060049
1993,2,0.0012,-0.0345,0.0642,-0.0042,0.0413,0.0314,0.072912879,0.021469,0.036569,-0.014786,-0.033152,0.007323574,0.088342427,-0.0149,0.017671,-0.050327
1993,3,0.023,0.0009,0.0118,-0.0015,0.009,0.0373,0.003785834,0.005639,0.009273,0.017906,-0.000141,0.024959171,0.004132367,-0.0095,0.040299,-0.011331
1993,4,-0.0305,-0.0085,0.0249,-0.0361,0.0138,0.0038,0.034555354,0.019917,0.01201,-0.030656,-0.011434,0.001619657,0.023391906,-0.0171,0.08013,-0.062328
1993,5,0.0289,0.019,-0.0342,-0.0012,-0.0104,0.0022,-0.023315838,-0.00273,-0.008479,-0.005601,0.018045,0.007508236,-0.063463521,0.0149,-0.003803,-0.004478
1993,6,0.0031,0.0013,0.0275,-0.0092,0.0121,0.0455,0.015154354,0.014634,0.018188,0.03004,0.015893,-0.002655203,-0.002917058,0.0224,0.003834,-0.055356
1993,7,-0.0034,0.0095,0.0285,-0.0187,0.0206,0.0316,0.027797372,0.008502,0.014591,-0.005623,0.013909,0.000426121,0.025326987,-0.0269,0.044975,-0.058788
1993,8,0.0371,0.001,0.0013,-0.0154,-0.0004,0.0265,-0.006907295,0.007642,-0.000614,0.004572,-0.00019,0.006263452,0.00039975,0.0128,-0.017338,0.021947
1993,9,-0.0012,0.0298,-0.0031,0.0024,-0.0016,0.0337,-0.007605038,0.013638,0.002696,0.009427,0.031054,0.026099013,-0.011292231,0.0069,-0.0097,0.036224
1993,10,0.0141,0.0189,-0.0276,0.0057,0.006,-0.0272,-0.000152437,-0.014198,-0.005641,-0.014093,0.004216,-0.004506592,-0.010240095,0.019,-0.00207,0.018755
1993,11,-0.0189,-0.0127,-0.0074,0.0223,-0.0094,-0.0474,0.014731692,0.001379,-0.007507,-0.007095,-0.018618,0.021918032,0.009054245,-0.0139,-0.007759,0.03255
1993,12,0.0165,0.014,0.0032,0.0116,-0.0034,0.0236,0.004946507,0.022733,-0.002555,0.023869,0.021125,0.001180474,0.001583784,0.0107,0.028232,-0.004595
1994,1,0.0287,-0.0006,0.0115,-0.0166,0.0143,0,0.022386953,0.009311,0.011272,-0.00922,0.00159,0.012015736,0.006908993,0.0169,0.026015,-0.065301
1994,2,-0.0255,0.0267,-0.0154,0.0214,-0.01,-0.003,-0.013919024,0.01598,-0.004691,0.026619,0.026526,0.003505084,-0.002985756,0.0036,-0.011324,0.056155
1994,3,-0.0478,-0.0104,0.016,0.0069,0.0128,-0.0127,0.018759138,0.013513,0.009681,0.002218,-0.009378,-0.010026736,0.026935262,0.0009,0.028264,0.001087
1994,4,0.0068,-0.0101,0.0166,0.0107,0.0111,0.0039,0.016172578,0.015131,0.012741,0.01529,-0.00819,0.003741165,0.001946924,-0.0038,-0.035113,-0.005037
1994,5,0.0058,-0.0256,0.0067,0.006,0.0068,-0.0219,0.009177806,0.014199,0.00512,-0.007588,-0.019848,0.009910533,-0.021691114,0.0006,-0.013521,-0.014139
1994,6,-0.0303,-0.005,0.0167,0.0121,0.0147,-0.0087,0.019547358,0.013288,0.009202,0.001932,-0.008441,0.017125971,0.028097095,0.0015,-0.026226,0.008717
1994,7,0.0282,-0.0185,0.0058,-0.0065,0.0014,0.0018,0.018552372,-0.000945,0.004259,0.007148,-0.014321,0.010697533,0.008699917,0.0144,-0.003046,-0.005727
1994,8,0.0401,0.0137,-0.0251,0.0095,-0.0147,0.0155,-0.025186173,0.026805,-0.006915,0.02061,0.020904,-0.024938726,-0.000859783,0.0144,-0.022157,0.028269
1994,9,-0.0231,0.028,-0.0189,0.0052,0.0093,0.0131,-0.021140422,0.009738,0.005879,0.010911,0.022081,0.008672541,0.003743725,-0.0077,0.032313,0.002387
1994,10,0.0134,-0.023,-0.0162,0.0023,-0.0068,0.0149,-0.021359742,0.02448,0.001613,0.003556,-0.018201,0.012577975,0.003422525,-0.0022,-0.030338,0.03697
1994,11,-0.0404,0.0007,-0.007,0.0042,-0.005,-0.0018,-0.000327319,0.014457,-0.010042,0.013703,0.005354,0.003230166,0.017364295,-0.0201,0.035889,0.068787
1994,12,0.0086,0,-0.0013,0.0037,0.0038,0.0348,0.001772546,0.037209,0.012933,0.039844,0.011739,0.010814892,0.020581275,0.0081,-0.000904,-0.019244
1995,1,0.018,-0.0306,0.0257,0.0017,-0.0075,-0.0181,0.020889222,0.011177,-0.000027,-0.00063,-0.024308,-0.008657097,0.016386427,0.04,0.013243,0.053772
1995,2,0.0363,-0.0054,0.0108,0.0059,-0.0033,-0.0039,0.008681731,0.012099,-0.008485,0.005097,-0.006967,-0.003179944,-0.011611607,0.0239,-0.032624,-0.02175
1995,3,0.0219,-0.0051,-0.0215,-0.0017,0.0022,0.0043,-0.019540744,0.007805,0.001685,0.012654,-0.012145,-0.006509997,0.003254924,-0.0004,-0.003367,-0.003056
1995,4,0.0211,-0.0022,0.0171,0.0041,0.009,0.0179,0.01397474,0.034497,0.000068,0.00142,-0.000076,0.009757523,0.006737672,-0.0052,0.00065,0.010436
1995,5,0.029,-0.0219,0.0229,0.0039,0.0004,-0.0042,0.013001437,0.014624,0.008586,-0.010066,-0.022038,0.006986408,0.025916562,-0.0046,-0.001048,0.00379
1995,6,0.0272,0.0306,-0.0254,-0.0033,-0.0244,0.0293,-0.036148285,0.018099,-0.017465,0.021275,0.03219,0.004005569,-0.034890294,0.0123,-0.023165,0.031183
1995,7,0.0372,0.0209,-0.0162,0.003,-0.0165,0.0256,-0.027299268,0.003138,-0.025443,0.009451,0.017624,0.017307031,-0.046656933,-0.0212,0.052932,-0.009698
1995,8,0.0055,0.0175,0.0279,-0.0124,0.0162,0.0016,0.014620898,0.012954,0.021996,0.001383,0.023538,0.015812973,-0.007900864,0.0128,-0.013473,-0.025324
1995,9,0.0335,-0.0188,-0.0004,0.0103,0.0036,0.029,-0.011190568,0.03123,0.019328,0.013917,-0.007905,0.031228616,0.006773815,-0.0089,0.030129,0.006745
1995,10,-0.0152,-0.0404,-0.005,0.0191,-0.0005,0.0416,-0.007003892,0.044585,0.007822,0.027798,-0.050247,0.017957403,0.044687868,-0.0102,0.079416,0.039
1995,11,0.0396,-0.0107,0.0051,-0.0062,0.0112,-0.0068,-0.003613068,-0.012715,0.011261,-0.002398,-0.007575,-0.009351971,0.011006374,0.006,-0.043565,-0.013882
1995,12,0.0103,0.0072,0.0022,-0.0137,0.031,0.0252,0.005204977,0.004029,0.031163,0.002794,0.006315,0.003003047,0.038507244,-0.0098,0.022903,-0.006557
1996,1,0.0226,-0.0256,0.0038,0.0018,0.0231,0.0054,0.005958833,0.014014,0.02451,-0.015087,-0.026865,-0.005011429,-0.005252528,0.01,0.017882,-0.02742
1996,2,0.0133,0.0177,-0.0108,0.0024,-0.019,0.0059,-0.024523483,0.007364,-0.009876,0.031394,0.027354,-0.002191512,0.000802725,0.0217,-0.030558,-0.00107
1996,3,0.0073,0.0161,0.0035,0.0142,-0.0095,-0.0184,0.018261643,-0.013301,-0.006897,0.002756,0.01873,0.000722024,0.014237899,-0.0011,-0.023759,0.020661
1996,4,0.0206,0.0471,-0.0402,-0.0014,-0.0211,-0.0088,-0.030619291,0.011731,-0.018073,0.028673,0.051852,0.011612556,-0.052513824,0.0069,-0.028351,0.002937
1996,5,0.0236,0.0321,-0.0083,0.0012,-0.003,0.0154,-0.024047943,-0.014379,0.010265,0.01864,0.044631,0.005925384,0.005676745,-0.0107,0.003269,0.051653
1996,6,-0.0114,-0.0365,0.0235,0.0351,0.0122,0.0098,0.026763484,0.016996,0.017381,0.00866,-0.042992,-0.003248403,0.044066322,-0.0018,0.051296,0.04313
1996,7,-0.0597,-0.0381,0.0514,0.0295,0.026,-0.0016,0.040362942,0.029393,0.020165,0.02415,-0.033585,0.00817102,0.079833822,-0.0244,0.014771,0.043596
1996,8,0.0277,0.0257,-0.0074,-0.0037,-0.0242,0.0001,-0.012026013,-0.013704,-0.018529,0.001305,0.024811,0.000534949,-0.044384705,0.0255,-0.040067,0.011337
1996,9,0.0501,-0.0139,-0.0272,0.0127,-0.0222,0.027,-0.042742523,0.029315,-0.017381,0.022071,-0.014457,0.016006811,-0.020908368,0.0054,-0.002443,0.049801
1996,10,0.0086,-0.0377,0.0494,0.014,0.0325,0.0379,0.031228357,0.032184,0.036633,0.018831,-0.024195,0.017700623,0.053278788,-0.0112,-0.006206,-0.013541
1996,11,0.0625,-0.038,0.0139,0.0212,-0.0079,-0.0237,0.009177429,0.05389,-0.013109,0.008165,-0.035327,-0.009145835,0.010734904,0.0021,-0.007081,-0.016661
1996,12,-0.017,0.0325,0.0131,0.0037,0.0149,0.0063,0.012557412,0.017538,0.012254,0.009371,0.033237,0.015233623,0.014599291,0.0064,-0.018351,-0.024694
1997,1,0.0499,-0.0182,-0.0142,0.0119,-0.0002,0.0196,-0.025350856,0.025674,-0.006466,0.018159,-0.00795,0.011800206,-0.01768321,0.0262,-0.019063,0.04264
1997,2,-0.0049,-0.0259,0.0567,0.0067,0.0347,-0.0213,0.041481085,0.006426,0.029153,-0.015374,-0.024667,-0.008981989,0.067223978,0.0125,-0.094271,0.004474
1997,3,-0.0503,-0.0043,0.0339,0.005,0.0166,0.009,0.032848752,0.002068,0.017515,0.017708,-0.005279,0.004944642,0.055339189,0.0088,-0.026078,-0.008802
1997,4,0.0404,-0.057,0.0007,0.0326,-0.0072,0.0484,-0.021285297,0.029932,-0.018801,0.038599,-0.047258,0.022384879,0.043222867,0.0243,0.022662,0.064227
1997,5,0.0674,0.0475,-0.0413,-0.0102,-0.0296,-0.0517,-0.027320738,-0.014972,-0.032305,-0.002201,0.050194,-0.009700011,-0.072319738,0.0287,0.016793,0.000684
1997,6,0.041,0.0119,0.0158,0.0056,0.0066,0.026,-0.00766091,0.001107,0.002313,0.021092,0.010326,0.030394776,0.015419737,0.0073,0.014078,-0.000373
1997,7,0.0733,-0.0276,0.0026,0.0007,-0.0258,0.0377,-0.008005798,0.012829,-0.030399,0.012853,-0.014173,-0.013223994,-0.01821836,0.0387,-0.044198,0.005903
1997,8,-0.0415,0.0761,0.0118,-0.0111,-0.0004,-0.0256,0.009455662,0.004401,-0.007059,-0.014198,0.074961,0.00406603,-0.023834939,-0.0016,-0.042518,0.055078
1997,9,0.0535,0.0249,0.0037,-0.0163,-0.0091,0.0147,-0.01012962,-0.026061,-0.001259,-0.010418,0.02435,-0.002360392,-0.032681003,0.017,-0.002611,0.029143
1997,10,-0.038,-0.0052,0.0227,0.01,0.0194,-0.0057,0.017076098,-0.014187,0.026609,-0.010477,-0.010927,-0.034907214,0.014322438,-0.0096,0.046727,0.019053
1997,11,0.0298,-0.0511,0.012,0.0281,0.0184,0.0033,-0.001468707,0.036732,0.028803,0.014029,-0.055217,0.005268145,0.056876721,-0.0201,0.082195,-0.033252
1997,12,0.0132,-0.0203,0.0384,0.0074,0.0192,0.0398,0.01882776,-0.023996,0.022364,0.015724,-0.022245,0.023215365,0.023247733,-0.0291,0.05734,0.021467
1998,1,0.0015,-0.0136,-0.0163,0.0087,-0.0073,0.0014,-0.005953107,0.025942,-0.012061,0.021884,-0.01216,0.001510103,-0.010011511,0.0502,-0.07565,-0.043835
1998,2,0.0704,0.002,-0.0085,-0.0031,-0.0254,-0.0112,-0.009072952,-0.002956,-0.02453,0.011388,0.010586,0.019092438,-0.028013779,0.0192,0.009287,-0.047792
1998,3,0.0476,-0.0065,0.0139,-0.0026,-0.0037,0.0215,0.004927951,-0.010612,0.004996,-0.001759,-0.003378,0.009587731,-0.010337756,0.0184,-0.064633,0.021608
1998,4,0.0073,0,0.0094,-0.0169,-0.0036,0.0074,0.002336696,0.022959,0.001834,-0.001992,0.004968,0.018846638,0.008681359,0.017,0.009095,-0.001576
1998,5,-0.0307,-0.0295,0.0344,0.011,0.0261,0.0182,0.026692788,0.010564,0.022554,0.017795,-0.026343,-0.003663624,0.047050588,0.0074,-0.075966,-0.003343
1998,6,0.0318,-0.0366,-0.0196,-0.0026,-0.0297,0.0728,-0.04739358,0.004225,-0.015159,0.03159,-0.032841,0.011547921,-0.010910948,-0.0144,0.04933,-0.11608
1998,7,-0.0246,-0.0527,-0.0178,0.0174,0.0045,0.0369,-0.022290114,0.028077,0.018848,0.009703,-0.057045,0.030694911,0.060343338,-0.0202,0.012321,0.032708
1998,8,-0.1608,-0.0517,0.0353,0.0337,0.0591,0.0184,0.043801747,0.067132,0.054604,0.030578,-0.061863,0.017257643,0.097856734,-0.0266,0.014052,0.041188
1998,9,0.0615,-0.0078,-0.0342,-0.0188,-0.0299,-0.0081,-0.012912329,0.01275,-0.030812,-0.018265,-0.020592,0.046357172,-0.056348418,0.0275,-0.134695,-0.027381
1998,10,0.0713,-0.0343,-0.0223,0.0093,0.0031,-0.0537,-0.009149015,-0.005144,-0.009612,0.006389,-0.021688,-0.042140329,0.003816786,0.0985,-0.073927,0.005243
1998,11,0.061,0.0075,-0.0325,-0.0086,-0.0118,0.012,-0.034396864,0.012936,-0.000254,0.013699,0.008958,0.032186199,-0.014460512,0.0132,-0.005138,-0.049193
1998,12,0.0616,-0.0156,-0.0419,-0.0076,-0.0339,0.0892,-0.070757953,-0.022555,-0.029332,0.029291,-0.018735,0.065773798,-0.038926767,-0.0163,0.132263,0.015846
1999,1,0.035,-0.0075,-0.046,-0.0277,-0.068,0.0303,-0.036468842,-0.010681,-0.044699,-0.032508,-0.018912,0.030149496,-0.042832401,-0.0232,0.156683,0.004557
1999,2,-0.0408,-0.0522,0.0192,-0.0123,0.041,-0.001,0.006644593,0.000109,0.048135,0.00016,-0.042284,-0.019533838,0.040404798,0.0246,-0.003754,0.006595
1999,3,0.0345,-0.0423,-0.0274,-0.0407,-0.0142,-0.0127,0.000903411,0.004002,0.003158,-0.006922,-0.055833,0.026396726,-0.023216282,0.0021,-0.036977,0.060361
1999,4,0.0433,0.0452,0.0246,-0.0253,0.0089,-0.0904,0.08347643,0.004435,0.026555,-0.05152,0.039806,-0.032685201,0.06719641,0.0237,-0.022641,0.061419
1999,5,-0.0246,0.0371,0.0235,0.0093,0.0334,-0.0519,0.034853695,0.018903,0.004504,0.006804,0.04945,0.02104389,0.018523925,0.0121,-0.035901,0.054565
1999,6,0.0477,0.0229,-0.0319,0.0113,-0.0321,0.0506,-0.047662467,0.04329,-0.021112,0.02391,0.031512,0.012588321,-0.023547177,0.017,-0.057131,-0.072238
1999,7,-0.0349,0.0257,-0.0044,0.0036,0.0322,0.0166,-0.005669477,0.019786,0.034338,0.010281,0.02264,0.011751381,0.039005824,0.0154,0.002084,-0.012328
1999,8,-0.0138,-0.0173,-0.0187,-0.0024,0.0064,0.0312,-0.016031643,0.046299,-0.011989,-0.000297,-0.015497,0.007526801,0.030806618,-0.0339,0.056164,-0.059495
1999,9,-0.0279,0.0259,-0.0349,-0.0075,-0.0123,0.0647,-0.052957065,-0.010359,-0.013826,-0.001695,0.017307,-0.006268199,-0.040548147,-0.0061,0.01288,-0.020363
1999,10,0.0612,-0.0691,-0.0337,-0.0174,-0.0119,0.055,-0.046450925,0.017882,0.003316,0.020317,-0.056493,0.048068402,-0.050610432,-0.0149,-0.08571,-0.048594
1999,11,0.0337,0.058,-0.0612,-0.0428,-0.0174,0.0564,-0.092387573,0.011586,-0.03931,-0.030073,0.057518,0.016738428,-0.114716444,0.0043,0.000699,-0.045702
1999,12,0.0772,0.0539,-0.0833,-0.076,-0.0563,0.1322,-0.092802952,-0.006029,-0.054904,-0.054444,0.041765,0.052634527,-0.100262651,-0.1401,0.176347,0.102683
2000,1,-0.0474,0.0442,-0.0188,-0.0629,0.0472,0.0192,-0.008939234,0.006319,0.029355,-0.049998,0.056171,0.006622152,0.010683195,0.0261,0.108842,0.0659
2000,2,0.0245,0.1828,-0.0959,-0.1865,-0.0048,0.182,-0.179909118,-0.031144,-0.053931,-0.075531,0.221445,0.119815909,-0.245553661,-0.1347,0.031601,0.010967
2000,3,0.052,-0.1532,0.0813,0.1179,-0.0159,-0.0683,0.055907693,0.035075,0.01835,0.076849,-0.14402,0.003560116,0.139815483,0.0989,-0.06299,-0.048536
2000,4,-0.064,-0.0501,0.0726,0.0766,0.0565,-0.0839,0.107402707,0.051049,0.037873,0.087094,-0.048609,-0.020851653,0.069920501,-0.0218,0.131968,-0.022002
2000,5,-0.0442,-0.0381,0.0475,0.0413,0.0137,-0.0898,0.056642882,0.037037,0.005085,0.000196,-0.04595,-0.019280816,0.059875171,-0.0889,0.069458,-0.118367
2000,6,0.0464,0.0992,-0.0842,-0.0831,-0.0295,0.166,-0.140478682,-0.018045,-0.033905,-0.047546,0.102649,-0.000450527,-0.159597569,0.1239,-0.051669,0.173521
2000,7,-0.0251,-0.0103,0.0831,0.0583,0.0294,-0.0005,0.066266812,0.032749,0.022468,0.034292,0.00995,0.003438433,0.07265743,0.0651,-0.079947,0.05434
2000,8,0.0703,-0.0103,-0.0139,-0.0322,0.011,0.0573,-0.031666034,-0.01098,-0.007996,-0.02082,0.004492,0.041212157,-0.028504921,0.0054,-0.068216,0.07032
2000,9,-0.0545,0.0019,0.0717,0.0256,0.0553,0.0197,0.044076695,0.007955,0.052247,0.021026,0.016354,0.032909954,0.086279818,0.0264,-0.085446,-0.04695
2000,10,-0.0276,-0.0265,0.0571,0.0961,0.038,-0.0448,0.030766332,0.064705,0.029226,0.073215,-0.02223,0.004643419,0.107380902,-0.048,0.115745,-0.099007
2000,11,-0.1072,-0.0058,0.123,0.1307,0.0843,-0.0232,0.065246678,0.109018,0.074487,0.103593,0.015397,0.005619722,0.187923728,-0.1463,0.097144,-0.017161
2000,12,0.0119,0.0326,0.0761,0.0171,0.0479,0.0674,0.021190824,0.005126,0.063542,0.05186,0.046807,-0.033566668,0.061133191,-0.0688,0.100328,0.002831
2001,1,0.0313,0.0548,-0.0507,-0.0469,-0.0503,-0.253,0.129625071,-0.061594,-0.071285,-0.107883,0.027241,-0.029956861,-0.100656677,0.1621,-0.077383,0.109081
2001,2,-0.1005,0.0283,0.1247,0.091,0.0907,0.1257,0.108092805,0.063589,0.092309,0.052077,0.028959,0.002887877,0.204176099,0.1219,-0.164603,0.050699
2001,3,-0.0726,0.0233,0.0642,0.0335,0.0392,0.0855,0.040036242,0.026585,0.037704,0.03474,0.02962,0.024093206,0.094711609,-0.0754,0.099628,0.012873
2001,4,0.0794,-0.0086,-0.0467,-0.0306,-0.032,-0.079,-0.054321698,-0.054515,-0.03754,0.000915,-0.009199,0.017239054,-0.087121162,0.0987,-0.094062,0.009867
2001,5,0.0072,0.036,0.0336,0.0025,0.0191,0.0221,0.029643102,-0.002513,0.023804,-0.025165,0.043577,-0.002502549,0.005506228,0.038,-0.051783,-0.035732
2001,6,-0.0194,0.0657,-0.0112,0.016,-0.0151,0.0038,-0.012982048,0.019723,-0.017973,-0.00806,0.06711,0.039784951,0.000517061,0.006,-0.005419,0.02559
2001,7,-0.0213,-0.0282,0.0521,0.0742,0.0307,0.0558,0.016623637,0.055121,0.013768,0.038735,-0.021452,-0.043142234,0.083304068,0.0138,0.064151,0.042494
2001,8,-0.0646,0.0271,0.0231,0.0405,0.0657,0.0553,0.008076748,0.056455,0.05641,0.043155,0.023699,0.024986407,0.090988675,-0.039,0.010217,0.030661
2001,9,-0.0925,-0.0573,0.0145,0.0499,0.0321,0.1148,-0.034940836,0.057667,0.028644,0.09192,-0.049253,0.046116634,0.059437817,-0.0496,0.131185,-0.01348
2001,10,0.0246,0.0527,-0.0765,-0.0298,-0.0455,-0.0847,-0.005921626,-0.005555,-0.029867,-0.043754,0.034861,-0.019297818,-0.091008632,0.1484,-0.109612,-0.126539
2001,11,0.0754,-0.0031,0.0221,-0.0373,-0.0161,-0.0869,0.037556067,-0.029927,-0.011391,-0.084893,-0.013907,-0.013581442,-0.02697079,-0.0313,0.057039,-0.003069
2001,12,0.016,0.0516,0.0084,0.0034,-0.0026,0.0007,0.018586981,-0.02257,-0.001753,0.005419,0.053201,0.035906906,0.005359632,0.0168,-0.061084,-0.018069
2002,1,-0.0144,0.0126,0.0344,0.0469,0.0284,0.0375,0.00013759,0.042877,0.032498,0.003033,0.007237,0.019307215,0.082494838,0.0213,-0.018356,-0.025204
2002,2,-0.0229,-0.0036,0.0216,0.0807,0.0511,0.0682,0.004886661,0.037643,0.044456,0.053235,-0.004922,0.011987957,0.114221056,0.0005,0.047033,0.015172
2002,3,0.0424,0.0425,0.0106,-0.0178,0.0058,-0.0164,0.025067647,-0.005528,0.007761,-0.047001,0.046097,0.008343562,-0.015242737,0.0275,0.001799,0.039505
2002,4,-0.052,0.0672,0.0388,0.0456,0.0538,0.0763,0.019416702,0.040819,0.040731,0.054639,0.075846,0.055143386,0.130678403,0.0211,0.052257,0.055499
2002,5,-0.0138,-0.0302,0.0153,0.0236,0.0244,0.0316,0.00163641,0.006156,0.021865,0.018111,-0.031795,0.003593119,0.055763507,-0.0268,0.022919,0.009842
2002,6,-0.0721,0.0389,-0.0005,0.0393,0.0251,0.0603,-0.021506309,0.005052,0.035485,0.049409,0.035661,-0.009596536,0.052558779,-0.0358,-0.020799,-0.051292
2002,7,-0.0818,-0.0643,-0.0385,0.0379,-0.0099,0.0377,-0.041384744,0.049683,0.019786,0.067016,-0.063911,-0.005097636,0.080208898,0.0128,-0.093713,-0.06168
2002,8,0.005,-0.0131,0.0328,0.0136,-0.0147,0.019,0.005723369,-0.017192,-0.008574,0.025491,0.000007,0.001548896,0.014312182,0.0152,0.024196,-0.015502
2002,9,-0.1035,0.0308,0.0147,0.0329,-0.0219,0.0913,-0.047128661,0.011299,-0.021364,0.044049,0.0312,0.022774236,0.017858959,-0.0177,0.01979,-0.028604
2002,10,0.0784,-0.0431,-0.0395,-0.0339,0.0076,-0.0558,0.01793069,0.015123,0.002843,-0.045614,-0.051206,-0.036275281,-0.051338941,0.0739,-0.143116,-0.106252
2002,11,0.0596,0.0291,-0.0123,-0.092,0.0515,-0.1633,0.113713414,-0.031022,0.032719,-0.111725,0.01496,0.008597892,-0.09992545,0.0018,0.154989,-0.140802
2002,12,-0.0576,0.0062,0.0214,0.0629,-0.0168,0.0964,-0.005429216,0.022776,-0.022589,0.053188,0.000671,-0.017739038,0.073626196,0.1074,-0.17655,0.033143
2003,1,-0.0257,0.007,-0.0083,-0.0099,0.0069,0.0155,0.005035918,0.007808,0.006982,-0.00589,-0.009824,0.02010724,-0.004556291,0.0028,-0.037722,0.013992
2003,2,-0.0188,-0.0093,-0.0139,0.0083,-0.0062,0.0117,-0.030645141,0.013997,-0.001272,0.008778,-0.020245,-0.003767425,0.008632406,-0.0069,0.000847,0.046926
2003,3,0.0109,0.0065,-0.0193,0.0187,-0.0077,0.0148,-0.019263965,-0.009347,-0.001257,0.034092,0.014039,0.022451414,-0.02593904,0.0003,0.028695,0.072265
2003,4,0.0822,0.0102,0.0114,-0.0468,0.0106,-0.0933,0.063488307,-0.029391,0.010369,-0.044513,0.023547,-0.023022219,-0.046364415,0.03,-0.001032,-0.033932
2003,5,0.0605,0.0481,0.004,-0.07,0.0291,-0.107,0.070631735,-0.016245,0.01848,-0.082331,0.038174,-0.003711168,-0.059381184,-0.0152,-0.06915,-0.057286
2003,6,0.0142,0.0166,0.0011,0.0051,-0.0038,-0.01,0.015815117,-0.001291,-0.010629,0.010948,0.02221,0.005620415,0.003321346,-0.0011,0.020029,-0.032774
2003,7,0.0235,0.0454,-0.0124,-0.0414,0.0178,-0.0024,-0.01952366,-0.008789,0.023405,-0.017422,0.043762,0.009419649,-0.029748699,0.0249,-0.045755,-0.003342
2003,8,0.0234,0.0248,0.0153,-0.0225,0.0214,-0.0062,0.015670877,-0.016327,0.023621,-0.012384,0.022397,0.007421249,-0.029673432,-0.015,0.040673,-0.029219
2003,9,-0.0124,0.0054,0.0016,0.0101,0.0034,-0.0019,0.010565545,0.023261,0.002279,0.012631,0.006889,-0.007086288,0.022626203,0.0462,-0.027204,-0.001558
2003,10,0.0608,0.0271,0.0197,-0.0135,0.0155,0.0399,0.006617662,-0.005642,0.01031,-0.017507,0.030474,0.037122388,-0.01052293,0.0217,-0.011742,-0.034079
2003,11,0.0135,0.0233,0.0178,0.0019,0.0181,0.0146,0.010324942,0.005379,0.023052,0.007767,0.021957,0.025325477,0.027726893,-0.0157,0.041463,-0.044747
2003,12,0.0429,-0.0249,0.016,0.0056,0.0094,-0.0557,0.053898773,-0.013486,0.00774,-0.017394,-0.027811,-0.016321866,0.005979494,0.0184,-0.081328,-0.073116
2004,1,0.0215,0.0245,0.0249,-0.0366,0.0338,0.0258,0.00227557,0.00837,0.020585,-0.024364,0.031121,-0.010660623,-0.023694015,0.0232,-0.057647,0.002438
2004,2,0.014,-0.0093,0.009,0.0217,-0.0121,-0.0114,0.009023575,-0.000152,-0.008855,0.021354,-0.003075,-0.003971483,0.029158009,0.0155,-0.062423,-0.006283
2004,3,-0.0132,0.021,0.0027,0.0156,-0.0098,0.0017,0.006424278,-0.010578,-0.007352,0.017567,0.025218,0.012395768,-0.006843116,-0.0216,0.006979,-0.002541
2004,4,-0.0183,-0.0201,-0.031,0.0345,-0.0284,-0.0538,0.010737539,0.01427,-0.029001,0.000193,-0.032185,0.009799213,0.052598863,-0.002,-0.009384,0.013797
2004,5,0.0117,-0.0038,-0.0025,-0.0118,0.0003,0.015,-0.011502324,-0.002178,0.00551,0.01068,-0.003819,0.001566718,-0.035289636,0.0228,-0.033888,0.002315
2004,6,0.0186,0.0256,0.0118,0.012,-0.0039,0.0205,0.023065342,0.006322,-0.002618,0.005621,0.022399,0.025951355,0.011724577,0.0032,0.000374,0.003135
2004,7,-0.0406,-0.0295,0.0324,0.0532,-0.0166,-0.0229,0.034984903,0.030646,-0.009772,0.024066,-0.033502,0.015469358,0.047214777,-0.0141,0.023711,0.033313
2004,8,0.0008,-0.0113,0.0097,0.0123,-0.0147,-0.0159,0.008390113,0.00176,-0.011997,-0.012272,-0.015163,0.004168069,0.01368041,-0.0239,0.05241,-0.004755
2004,9,0.016,0.0327,0,-0.0149,-0.0188,0.0549,-0.007777946,-0.016176,-0.022121,-0.002123,0.037951,0.012038685,-0.023076906,0.031,-0.007937,-0.030385
2004,10,0.0143,0.0019,-0.0022,-0.0052,0.0049,-0.0138,0.000678106,0.000033,0.00584,-0.014399,-0.007841,-0.00404148,-0.006923901,0.0025,-0.013558,0.022447
2004,11,0.0454,0.0411,0.0141,-0.0058,-0.0022,0.0316,0.020065231,-0.016565,-0.004263,-0.011342,0.044728,-0.011308601,-0.002655187,0.0153,0.024628,-0.054717
2004,12,0.0343,-0.0005,-0.0022,-0.0116,0.0046,-0.0287,0.010628877,-0.011293,0.003018,-0.008598,-0.000411,0.003161252,0.006417648,0.0094,0.005086,0.004402
2005,1,-0.0276,-0.0117,0.0206,0.0274,-0.0146,0.0305,0.001866534,0.012576,-0.004036,0.032457,-0.003941,0.004275817,0.062396711,0.0146,-0.002355,0.022728
2005,2,0.0189,-0.0031,0.0154,0.0143,-0.0005,0.0337,0.006947077,0.006662,0.002917,0.035726,0.001469,0.005780857,-0.013106758,-0.0245,0.041764,-0.028713
2005,3,-0.0197,-0.0142,0.0204,0.0047,0.0129,0.0041,0.020944875,0.018949,0.009394,0.00535,-0.017448,0.00121501,0.029633463,0.0009,-0.03554,0.011131
2005,4,-0.0261,-0.0398,0.0007,0.0097,-0.0094,-0.0069,-0.009501267,0.021604,-0.014563,-0.011019,-0.044794,0.000120758,0.000920636,-0.0184,0.060246,0.022418
2005,5,0.0365,0.0279,-0.0064,-0.01,0.003,0.0045,-0.006347922,0.004214,-0.000579,0.009641,0.029656,0.01951909,-0.015015746,0.0317,-0.004333,0.006653
2005,6,0.0057,0.0328,0.0283,0.0096,-0.0051,0.0205,0.014158919,-0.004164,-0.001983,-0.004264,0.038096,-0.002514191,-0.016447929,0.0003,0.031909,-0.0341
2005,7,0.0392,0.0281,-0.0079,-0.0119,-0.0082,0.0006,-0.003333684,-0.004054,-0.020714,-0.002083,0.027333,6.83E-05,-0.029278742,-0.0017,0.009012,-0.024445
2005,8,-0.0122,-0.0089,0.0132,-0.0205,0.0037,0.0208,0.001916804,-0.006039,0.002355,-0.006848,-0.007913,0.00303545,-0.021981353,-0.0137,0.00151,-0.007827
2005,9,0.0049,-0.0034,0.0071,0.0027,-0.006,0.0343,-0.005359708,0.002637,-0.000266,0.008619,0.000044,0.032455493,-0.010764033,-0.0369,0.083959,-0.016253
2005,10,-0.0202,-0.0145,0.0042,-0.0093,-0.013,-0.0139,-0.002514202,-0.005498,-0.003149,0.011011,-0.005108,-0.005069473,-0.021826136,0.0161,-0.042895,0.062608
2005,11,0.0361,0.0084,-0.0116,-0.0076,-0.0114,0.0035,-0.00502658,-0.006043,-0.010482,0.007751,0.012182,0.009063576,-0.00504205,0.001,0.001266,-0.002637
2005,12,-0.0025,-0.002,0.002,0.0021,0.0023,0.0077,0.004570692,0.01093,0.008804,0.002287,-0.000336,-0.009227924,-0.011559709,0.0204,0.028296,-0.01252
2006,1,0.0304,0.0575,0.0108,-0.0064,-0.0046,0.0253,-0.009916123,0.008783,-0.006797,-0.002611,0.064413,-0.003165285,-0.033654424,-0.01,0.066609,-0.016548
2006,2,-0.003,-0.0042,-0.0034,-0.0051,0.0191,-0.0184,0.010153376,-0.010257,0.024381,-0.009978,-0.00395,-0.006319657,0.006848186,0.0339,-0.086158,0.022992
2006,3,0.0146,0.0338,0.006,0.0006,-0.0041,0.0126,-0.008193014,-0.007877,-0.013435,0.007652,0.031221,0.020497096,-0.003881643,-0.0008,-0.013137,-0.008785
2006,4,0.0073,-0.0084,0.0234,0.018,0.0001,0.0064,0.01298114,-0.00127,0.003427,0.00826,-0.003055,0.006550126,0.008539836,-0.0033,0.055352,-0.032014
2006,5,-0.0357,-0.0285,0.0241,0.0115,0.0146,-0.037,0.025634187,-0.015898,0.013126,-0.000785,-0.035327,0.013182861,0.029438471,-0.0004,-0.027557,0.015777
2006,6,-0.0035,-0.0024,0.0085,0.0132,-0.0007,0.0154,0.002462855,0.006316,-0.003976,0.010467,-0.00336,0.013353145,0.003822416,-0.0057,0.022846,0.027264
2006,7,-0.0078,-0.0363,0.026,0.0163,0.009,-0.0212,0.023328145,0.032046,0.013479,0.005439,-0.031594,-0.011352696,0.042234451,0.0022,0.062504,-0.018405
2006,8,0.0203,0.0044,-0.0206,-0.0186,0.0209,-0.0338,-0.004976231,-0.001456,0.019253,-0.013348,0.004347,-0.01823498,0.01554887,0.0177,0.027439,-0.021664
2006,9,0.0184,-0.0146,0.0008,0.0082,0.006,-0.0096,0.005204791,0.009507,0.009827,0.006311,-0.009696,-0.003954274,0.031932285,0.0076,0.045576,0.032446
2006,10,0.0323,0.0198,-0.0031,-0.0012,0.0028,-0.002,0.002804156,0.004435,0.001978,-0.002983,0.019782,-0.025602858,-0.009010118,-0.0026,0.003248,-9.90E-05
2006,11,0.0171,0.0071,0.0014,0.0015,-0.008,-0.0103,0.000478864,-0.008997,-0.015945,0.004951,0.003878,0.000578819,-0.004262221,-0.0091,0.016531,-0.020737
2006,12,0.0087,-0.0081,0.0273,-0.0072,0.0206,0.0079,0.024914797,-0.012249,0.018255,-0.005587,0.000007,-0.005879953,0.028929171,0.0241,-0.013204,0.006831
2007,1,0.014,0.0007,-0.0068,0.0025,0.0038,0.0024,-0.003349318,0.000683,0.006262,0.000525,-0.000989,-0.007800023,-0.001451572,0.0109,-0.030151,-0.007491
2007,2,-0.0196,0.0129,-0.0014,-0.0051,-0.0071,-0.0135,0.004994519,-0.000687,-0.009689,-0.007332,0.014242,-0.005084406,-0.011789165,0.0018,0.039487,0.000385
2007,3,0.0068,0.002,-0.0097,0.0064,-0.0065,0.0256,-0.0058662,-0.002037,-0.011827,0.004443,-0.001752,0.013832585,-0.012271354,-0.0205,0.009265,-0.031764
2007,4,0.0349,-0.0204,-0.0145,0.0115,0.0103,-0.0024,-0.006905711,0.011127,0.008508,0.005382,-0.017361,-0.0164328,-0.005823714,-0.0031,0.01369,0.004853
2007,5,0.0324,0.004,-0.0065,0.0158,-0.0136,-0.0034,0.000487629,0.001331,-0.023062,0.005284,-0.002466,0.012908547,-0.007266416,-0.0099,0.034385,-0.002493
2007,6,-0.0196,0.0074,-0.0105,0.0053,0.0008,0.0051,-0.011815542,-0.005925,0.00952,0.01213,0.005408,0.014676212,-0.002353637,-0.0065,0.032748,-0.003227
2007,7,-0.0373,-0.0299,-0.0371,0.002,-0.0113,0.0294,-0.044560896,0.000496,-0.022506,0.015445,-0.030422,0.013460978,-0.006315356,-0.0359,0.044426,0.039941
2007,8,0.0092,-0.0037,-0.0186,-0.0121,-0.0053,0.001,-0.017509014,0.004943,-0.0132,0.009285,-0.00816,0.006337514,-0.00741739,-0.0261,0.02992,0.028442
2007,9,0.0322,-0.0244,-0.0221,-0.0052,-0.0302,0.0463,-0.028159627,-0.004745,-0.032001,0.016183,-0.024076,0.035796012,-0.050528568,0.0036,0.071322,0.000527
2007,10,0.018,-0.0008,-0.0298,-0.003,-0.0009,0.0502,-0.051670667,0.003453,0.004574,0.012267,0.003772,0.012016697,-0.012284728,-0.0396,0.070293,0.025402
2007,11,-0.0483,-0.0302,-0.0094,0.0189,-0.0029,0.0099,-0.017559024,0.014361,0.001771,0.035961,-0.030164,-0.003090651,0.014361612,-0.0169,0.010009,0.037065
2007,12,-0.0087,0.0015,-0.0055,0.0087,-0.0105,0.0663,-0.022405369,0.010642,-0.006026,0.023146,0.006429,0.030235117,-0.013344865,-0.0205,0.019782,0.001948
2008,1,-0.0636,-0.0065,0.0397,0.0214,0.0214,-0.0775,0.07960264,-0.008164,0.013985,-0.00335,-0.007335,-0.029329025,0.036798219,0.0693,-0.043849,0.034591
2008,2,-0.0309,-0.0066,-0.0084,0.0088,-0.0093,0.061,-0.04300929,0.0136,-0.01508,0.018089,-0.008807,-0.001216869,0.012207694,0.0505,-0.086986,0.000959
2008,3,-0.0093,0.0056,0.003,0.0079,0.005,0.0427,-0.009721938,-0.000305,-0.003522,0.023694,0.00577,-0.006118332,-0.002499253,-0.0037,-0.017615,0.045234
2008,4,0.046,-0.012,-0.0094,0.0164,-0.0247,-0.0031,-0.00848971,0.033207,-0.023209,-0.008157,-0.009301,-0.006077617,-0.026627678,0.0313,-0.104744,0.007667
2008,5,0.0186,0.0302,-0.0143,0.0093,-0.0006,0.0331,-0.052551378,0.000573,-0.003475,-0.003489,0.025275,0.018481495,-0.042445386,-0.0228,0.095795,-0.011201
2008,6,-0.0844,0.0118,-0.0271,0.0496,-0.0055,0.1275,-0.090753231,0.01042,-0.001854,0.063701,0.018781,0.032917151,-0.024617953,-0.0709,0.159584,-0.009278
2008,7,-0.0077,0.0372,0.0542,-0.0137,0.0108,-0.0513,0.045447768,-0.000866,0.018031,-0.000192,0.059925,-0.047439929,0.034811812,0.0794,-0.069385,0.084299
2008,8,0.0153,0.0346,0.0159,0.0186,0.0084,-0.0402,0.037194862,0.020556,0.009417,-0.009233,0.018626,-0.026661327,0.051626076,-0.0051,0.022883,0.027829
2008,9,-0.0924,0.0025,0.0591,0.0241,0.0178,0.0028,0.01806191,0.03451,0.031609,0.016471,0.006623,0.012864424,0.091935412,-0.0375,0.239788,0.088898
2008,10,-0.1723,-0.0334,-0.023,0.0304,0.0205,0.0785,-0.060130712,0.067419,0.010392,0.058889,-0.034778,0.017258539,0.05791453,-0.0937,0.124664,-0.161967
2008,11,-0.0786,-0.0389,-0.0631,0.0453,0.0275,0.0717,-0.076351879,0.022205,0.005016,0.035054,-0.052251,0.006341492,0.052686853,-0.0999,0.070538,0.131943
2008,12,0.0174,0.0329,0.0014,0.0006,-0.0149,-0.0509,0.053665091,-0.007984,-0.023563,-0.006256,0.035804,-0.01776184,0.000851779,0.0546,-0.041066,0.016573
2009,1,-0.0812,-0.0214,-0.1129,0.0018,-0.0117,-0.0218,-0.053676646,0.024443,-0.009195,-0.007397,-0.029404,0.006667418,-0.026354583,0.0018,-0.048499,0.019945
2009,2,-0.101,-0.0132,-0.0695,0.0119,-0.0102,0.0441,-0.091445964,0.02997,-0.018632,0.029127,-0.016061,0.019297567,0.002663591,-0.0701,0.089281,-0.102778
2009,3,0.0895,0.0067,0.0347,-0.0252,-0.0225,-0.1187,0.076493499,0.000621,-0.004563,-0.033319,0.00958,-0.006332544,0.020359092,0.0304,0.013402,-0.004528
2009,4,0.1018,0.0713,0.0536,0.0131,0.0013,-0.343,0.268644238,-0.019211,0.035317,-0.139902,0.073504,-0.090283104,0.011875918,-0.0652,0.126645,-0.241258
2009,5,0.0521,-0.0232,0.0028,-0.0078,-0.0217,-0.1249,0.061035924,-0.00587,-0.024121,-0.032921,-0.01337,-0.032352828,-0.054574824,-0.0271,-0.086713,-0.048243
2009,6,0.0043,0.0229,-0.0273,-0.0141,-0.0033,0.0548,-0.020867325,0.025897,0.004848,0.009567,0.037792,-0.02297255,-0.003920009,0.048,-0.03267,0.025426
2009,7,0.0772,0.0239,0.0483,-0.0046,0.0314,-0.0555,0.060091839,-0.010228,0.020193,-0.049457,0.016803,0.014881285,0.004117003,0.0443,-0.088995,-0.055692
2009,8,0.0333,-0.0009,0.0763,-0.0302,0.0334,-0.0907,0.07927193,-0.015559,0.022891,-0.025812,0.008741,-0.000660443,0.010421594,-0.0208,0.039364,-0.030992
2009,9,0.0408,0.0273,0.0105,0.0131,0.0036,-0.0479,0.018334165,-0.026452,-0.011383,-0.027953,0.024775,0.008994021,-0.048239537,0.0112,0.012504,-0.04403
2009,10,-0.0259,-0.0493,-0.0421,0.0417,-0.0151,0.0261,-0.016535474,0.029368,-0.002528,0.039382,-0.046208,-0.018628525,0.062035491,0.0214,0.041717,0.025817
2009,11,0.0556,-0.0268,-0.0034,0.01,0.0012,0.003,-0.00655066,-0.003241,-0.003339,0.010111,-0.023874,0.000267278,-0.020073725,0.0045,-0.046333,0.023322
2009,12,0.0275,0.0624,-0.0017,0.0102,-0.0009,0.0301,0.000727493,-0.00126,-0.001381,-0.018542,0.04839,-0.008778529,-0.043392539,0.0147,-0.064016,-0.015534
2010,1,-0.0336,0.0034,0.0043,-0.0127,0.0046,-0.054,0.03277127,-0.006848,0.006653,-0.010677,0.003824,-0.025083312,0.009267904,0.0364,-0.027712,0.027229
2010,2,0.034,0.0151,0.0323,-0.0027,0.0143,0.0374,0.008243179,-0.005169,0.00703,-0.010406,0.015068,-0.001244602,0.008049585,0.0163,-0.077328,-0.027137
2010,3,0.0631,0.0185,0.0221,-0.0065,0.0169,0.0376,0.020609766,-0.016988,0.016201,-0.005102,0.020311,-0.014582321,0.015631463,0.008,0.027182,0.013897
2010,4,0.02,0.0498,0.0289,0.0069,0.0172,0.0316,0.0272857,-0.023485,0.03063,-0.024885,0.038994,-0.017375785,0.017647469,-0.0186,0.082067,-0.032245
2010,5,-0.0789,0.0004,-0.0244,0.013,-0.0021,-0.0025,-0.017134331,0.01741,-0.004777,0.027377,0.000538,0.012434255,0.024740577,0.0052,0.00022,0.056823
2010,6,-0.0557,-0.0247,-0.047,-0.0016,-0.0155,-0.0276,-0.025730499,0.019119,-0.02491,0.013467,-0.023833,0.02682571,0.005681417,-0.0487,0.071798,0.048717
2010,7,0.0693,0.0012,-0.0031,0.0024,0.0201,0.0188,0.01940324,0.003729,0.012168,-0.008604,0.004861,-0.018053724,-0.001903837,0.0411,-0.046656,-0.050086
2010,8,-0.0477,-0.0315,-0.019,0.0053,-0.0159,-0.0006,-0.015024732,-0.007079,-0.017234,-0.005062,-0.036733,0.025174111,-0.002275874,0.01,-0.026824,0.016054
2010,9,0.0954,0.0375,-0.0316,-0.0021,0.0038,0.0141,-0.013902987,0.000709,0.01142,0.00509,0.039594,0.02574098,-0.025737171,0.0329,-0.110154,-0.006673
2010,10,0.0388,0.008,-0.0243,0.0119,-0.0026,0.0158,-0.018615082,0.004586,-0.000223,0.006453,0.006988,0.016390388,0.002807616,-0.0134,-0.018829,-0.004086
2010,11,0.006,0.0367,-0.0096,0.0045,0.0159,0.0266,-0.011363431,-0.006143,0.018646,-0.000799,0.036452,0.003693604,0.002737618,-0.0095,0.030658,0.002598
2010,12,0.0682,0.0103,0.037,-0.0344,0.0316,-0.0303,0.037867716,-0.022361,0.030162,-0.036797,0.004526,-0.021820209,-0.026883901,0.0227,0.010995,-0.083031
2011,1,0.0199,-0.0243,0.0083,-0.0076,0.0083,-0.0029,0.010828214,-0.013043,0.012925,0.005331,-0.019958,-0.000467729,0.017012887,-0.0009,0.037694,-0.011184
2011,2,0.0349,0.0165,0.0127,-0.0194,0.0088,0.0199,0.001875613,-0.008408,0.01442,-0.01648,0.013851,0.02186702,-0.000186993,-0.0069,-0.002536,-0.024736
2011,3,0.0046,0.0262,-0.0183,0.0176,-0.0003,0.034,-0.015884643,0.003227,-0.001315,-0.009575,0.01852,0.007623803,-0.00426917,-0.0086,0.055541,-0.008325
2011,4,0.029,-0.0055,-0.0243,0.0101,-0.008,0.0004,-0.016654976,0.011108,-0.009779,0.015871,-0.00878,-0.003580145,0.009244606,-0.0108,-0.035686,0.033502
2011,5,-0.0127,-0.0063,-0.0212,0.0208,-0.0159,-0.0062,-0.010268983,0.013826,-0.010351,0.001308,-0.008588,-0.005429248,0.019635133,-0.0122,0.026185,0.044408
2011,6,-0.0175,0.0016,-0.0042,0.0249,-0.0153,0.0178,-0.010095715,0.010009,-0.011515,0.028113,0.004599,0.011328561,0.03058414,-0.0093,0.008996,0.006175
2011,7,-0.0235,-0.012,-0.009,0.0268,-0.0181,0.0018,-0.017779949,0.006584,-0.020383,0.007486,-0.017834,0.007174229,0.018553742,-0.0107,-0.001231,0.042213
2011,8,-0.0599,-0.032,-0.0236,0.033,-0.0038,-0.0028,-0.021501554,0.027071,-0.013168,0.025889,-0.037375,0.010582879,0.026126305,-0.0135,0.051709,0.088344
2011,9,-0.0759,-0.0366,-0.0172,0.0204,0.0024,-0.0242,-0.019948087,0.04899,0.000766,-0.007641,-0.047737,0.077097514,0.049007665,-0.0957,0.142257,0.115226
2011,10,0.1135,0.0346,0.001,-0.0216,-0.0086,-0.0143,0.022069634,-0.017028,-0.005881,0.021402,0.051842,-0.053756094,-0.034588175,0.1221,-0.163716,-0.101834
2011,11,-0.0028,-0.0028,-0.0046,0.0186,0.0149,0.0384,-0.012424446,0.012225,0.015253,0.005804,-0.011385,0.027433791,0.033143209,0.0125,0.01578,-0.012875
2011,12,0.0074,-0.0033,0.0163,0.0098,0.0252,0.0181,0.014757592,-0.005716,0.026695,0.011493,0.001386,-0.004564287,0.021238887,-0.0154,0.02871,0.018907
2012,1,0.0505,0.0206,-0.0097,-0.0201,-0.0143,-0.0791,0.009497862,-0.013395,-0.00574,-0.006313,0.027798,-0.013941595,-0.050251455,0.0652,-0.032489,0.019611
2012,2,0.0442,-0.0171,0.0043,-0.0048,-0.0001,-0.0029,0.006713149,0.000238,0.000789,0.002919,-0.006691,0.002340745,-0.011208853,-0.0034,-0.027812,-0.003486
2012,3,0.0311,-0.0047,0.0114,-0.0054,0.0074,0.013,-0.003331454,0.018088,0.014304,0.016789,0.007263,0.008398413,0.00567639,-0.008,0.059024,0.061186
2012,4,-0.0085,-0.0055,-0.0078,0.013,0.0065,0.0375,-0.015769394,-0.003846,0.008585,0.010202,-0.010996,-0.004548215,0.006345184,-0.0046,0.013594,0.029943
2012,5,-0.0619,-0.0012,-0.0107,0.0208,0.0231,0.0649,-0.01334919,0.023605,0.026809,0.016079,-0.008812,-0.012234651,0.031537283,-0.0334,0.003337,0.071278
2012,6,0.0389,0.0084,0.0062,-0.0109,0.0046,-0.0106,0.00429867,0.003509,0.010217,-0.017619,0.014974,0.019161997,-0.002280369,-0.0079,0.017248,-0.019518
2012,7,0.0079,-0.0278,-0.0002,0.011,0.0005,0.0304,-0.006558305,0.009808,0.005093,0.015194,-0.030848,0.011229551,0.02879437,0.0147,-0.001963,0.029579
2012,8,0.0255,0.0044,0.013,-0.0133,-0.0084,-0.0237,0.012184146,-0.003883,-0.014664,-0.005072,0.014204,-0.024685481,-0.02543854,0.0303,-0.074349,-0.002625
2012,9,0.0273,0.0061,0.016,-0.0149,0.0155,-0.0114,0.012490385,-0.006925,0.012038,0.001979,0.011701,0.00088892,-0.008294399,-0.0019,0.046383,-0.028371
2012,10,-0.0176,-0.0089,0.0359,-0.0134,0.025,0.0014,0.032343296,-0.037218,0.018508,0.004723,0.002241,0.007047835,0.01587056,0.0025,-0.006314,-0.059126
2012,11,0.0078,0.0046,-0.0084,0.006,0.0084,0.0049,-0.009393809,0.001868,0.007994,0.017203,0.003716,0.007201202,-0.006820591,0.0091,-0.022712,0.006833
2012,12,0.0118,0.0189,0.0351,-0.0185,0.0091,-0.0286,0.028455723,-0.026235,-0.008369,-0.019895,0.024277,-0.008026974,-0.020699463,0.0018,-0.004708,-0.050875
2013,1,0.0557,0.0048,0.0096,-0.0193,0.0141,-0.0179,0.011518989,-0.016667,0.015622,-0.020267,0.001975,0.003986772,-0.01090288,-0.0142,0.008166,-0.048452
2013,2,0.0129,-0.0025,0.0011,-0.0067,0.0052,0.0129,-0.000963302,0.00438,0.007303,0.000662,-0.00621,0.016247775,0.030929307,-0.0119,0.033133,0.004147
2013,3,0.0403,0.0085,-0.0019,0.0014,0.0138,0.0192,-0.002580961,-0.011605,0.01292,0.005017,0.010729,0.008183062,0.00901116,-0.0186,0.04011,-0.019004
2013,4,0.0155,-0.0225,0.0045,0.0027,0.0037,0.0022,-0.001610815,-0.002802,0.001008,-0.01049,-0.028649,-0.022527986,-0.000341677,-0.0119,0.03209,0.002774
2013,5,0.028,0.0206,0.0263,-0.0197,-0.0087,-0.0202,0.012871754,-0.01411,-0.016629,-0.004309,0.035114,-0.001210507,-0.021489141,0.0164,-0.013743,-0.02252
2013,6,-0.012,0.0157,0.0003,-0.0038,0,0.0052,0.000584174,0.005336,0.007117,-0.001152,0.007559,0.01644525,-0.000102301,0.005,-0.017812,0.006862
2013,7,0.0565,0.0181,0.0057,-0.0135,0.0051,0.0176,0.006660624,-0.011004,0.006492,-0.004789,0.02096,0.013609808,-0.013462691,0.0194,0.038204,0.018854
2013,8,-0.0271,-0.0006,-0.0269,0.0066,-0.0216,0.0002,-0.008997005,0.001682,-0.017886,0.005747,-0.002103,0.006803221,-0.029362439,-0.0081,0.016236,-0.01434
2013,9,0.0377,0.0263,-0.0122,-0.0058,-0.0136,0.0306,-0.013989587,-0.010177,-0.007386,-0.009744,0.024501,0.012517544,-0.022653975,-0.0046,-0.020202,-0.029439
2013,10,0.0418,-0.0148,0.0125,0.0278,0.0087,0.0008,0.007244411,0.007823,0.011612,0.01337,-0.016177,0.007644108,0.055322486,-0.0014,-0.009817,-0.008671
2013,11,0.0313,0.0141,0.0032,0.0014,0.0004,0.0044,-0.005184703,0.012051,0.000148,0.015473,0.019293,-0.006262683,0.007884376,0.0067,-0.004667,0.047196
2013,12,0.0281,-0.0045,-0.0002,-0.0046,0.0009,0.0002,-0.005092753,-0.017385,0.007392,-0.001739,-0.004381,-0.009074087,0.001565321,0.0135,-0.002719,-0.004304
2014,1,-0.0332,0.0058,-0.0207,-0.0388,-0.0142,0.0171,-0.00901427,0.003524,-0.002918,-0.023112,0.003303,0.001025277,-0.054412369,0.0033,-0.011285,0.002576
2014,2,0.0465,0.0014,-0.0031,-0.0023,-0.0045,0.0207,-0.009496538,-0.000127,-0.006297,-0.014762,-0.003064,0.015084352,-0.007352286,-0.0019,0.02748,-0.021409
2014,3,0.0043,-0.0109,0.0493,0.0213,0.0192,-0.0329,0.034415816,0.015414,0.027038,0.017701,-0.001623,-0.015243108,0.057375508,0.0266,-0.035931,0.000542
2014,4,-0.0019,-0.0412,0.0117,0.0348,0.0102,-0.0389,0.024334649,0.006944,0.008015,0.010756,-0.046866,-0.030485349,0.02402967,-0.021,0.015605,-0.008111
2014,5,0.0206,-0.0189,-0.0013,0.0005,-0.01,0.0087,-0.004387289,0.005021,-0.009378,-0.006562,-0.020366,0.006205368,-0.003918966,0.0047,-0.048393,-0.013513
2014,6,0.0261,0.0311,-0.007,-0.0189,-0.02,0.0069,-0.002620486,0.002611,-0.026584,-0.025842,0.022426,0.000561511,-0.040581443,-0.0052,-0.028166,-0.043278
2014,7,-0.0204,-0.0429,0.0003,0.0089,0.0052,-0.0012,0.002015574,0.012336,0.007158,0.011954,-0.035626,0.005902308,0.01339575,0.0266,-0.035962,-0.005343
2014,8,0.0424,0.0031,-0.0045,-0.0064,-0.007,0.0082,-0.009906331,0.00233,-0.009247,0.001376,0.004495,-0.011044607,-0.013875057,0.0161,0.000441,0.022012
2014,9,-0.0197,-0.0372,-0.0134,0.013,-0.0051,0.005,-0.025028761,0.021813,-0.003101,0.030633,-0.031026,0.030194314,0.026904915,-0.0019,-0.004807,0.050844
2014,10,0.0252,0.0373,-0.0181,-0.0057,-0.0011,-0.0006,-0.024238965,-0.001556,0.005283,0.016899,0.036151,0.024820651,0.015135497,-0.026,0.074907,0.045927
2014,11,0.0255,-0.0228,-0.0309,0.015,0.0027,0.0069,-0.030298955,0.004493,0.003424,0.025253,-0.019772,0.018249867,0.02955132,-0.0329,0.066557,0.062446
2014,12,-0.0006,0.0286,0.0227,-0.0122,0.0096,0.0112,-0.000263957,0.002993,0.004723,-0.006556,0.027694,0.021199863,-0.008366536,-0.0101,0.03063,0.006097
2015,1,-0.0311,-0.0092,-0.0358,0.0161,-0.0165,0.0384,-0.039118605,0.014078,-0.010729,-0.003707,-0.015792,-0.00204786,0.014179219,-0.0042,0.135877,0.048703
2015,2,0.0613,0.0032,-0.0186,-0.0112,-0.0182,-0.0282,-0.002022344,-0.009756,-0.013938,0.000837,0.00816,-0.022806795,-0.036688291,0.0354,-0.05371,-0.005366
2015,3,-0.0112,0.0307,-0.0037,0.0009,-0.0052,0.0274,-0.022623513,-0.000421,-0.002615,0.008338,0.028163,0.022383721,-0.006393997,-0.0012,-0.015503,0.009431
2015,4,0.0059,-0.0309,0.0182,0.0006,-0.0061,-0.0727,0.044008504,-0.002287,-0.008011,-0.021972,-0.037918,-0.033814606,0.005592228,0.0412,-0.114605,-0.024322
2015,5,0.0136,0.0083,-0.0114,-0.0179,-0.0074,0.0582,-0.03431517,0.002946,-0.00612,0.014466,0.01735,-0.003428449,-0.005118133,0.024,-0.080969,0.018578
2015,6,-0.0153,0.029,-0.0079,0.0044,-0.0158,0.0301,-0.024270042,-0.007174,-0.024461,0.012477,0.028606,0.01972318,-0.003410102,-0.0358,0.051957,0.015212
2015,7,0.0154,-0.0455,-0.0413,0.003,-0.0241,0.0998,-0.057249281,0.02583,-0.027296,0.043509,-0.040748,0.057461153,0.009759974,-0.0493,0.094587,0.141423
2015,8,-0.0604,0.0025,0.0277,0.0068,0.0119,-0.0209,0.019723706,0.002619,0.011632,0.007598,0.005006,-0.000987817,0.019305397,0.0151,-0.03739,0.009164
2015,9,-0.0307,-0.0279,0.0056,0.0177,-0.0058,0.0522,-0.025359013,0.034773,0.003072,0.042729,-0.033796,0.026840425,0.055910242,-0.0317,-0.06657,0.070215
2015,10,0.0775,-0.0207,-0.0046,0.0088,0.0052,-0.0328,0.005097636,0.010362,0.006524,-0.02314,-0.027651,-0.013961249,-0.01132018,0.009,0.092966,0.044142
2015,11,0.0056,0.0331,-0.0042,-0.0275,-0.0099,0.0228,-0.026540005,0.004651,-0.005479,-0.017097,0.034655,0.011124802,-0.033161618,0.0008,-0.054609,-0.025998
2015,12,-0.0217,-0.0299,-0.0261,0.005,-0.0002,0.0336,-0.035088482,0.033336,0.00328,0.029435,-0.020946,0.000122132,0.013916286,0.0115,-0.016154,-0.086516
2016,1,-0.0577,-0.0347,0.0209,0.0282,0.0308,0.0144,-0.0063163,0.047834,0.027736,0.053293,-0.028171,0.007601473,0.101062034,-0.0285,0.052441,0.069095
2016,2,-0.0007,0.0088,-0.0057,0.0325,0.0202,-0.0438,0.022102142,-0.001345,0.017188,0.020303,0.004861,-0.0366913,0.030082711,-0.0093,0.037898,-0.004344
2016,3,0.0696,0.0107,0.0119,0.0077,-0.0008,-0.0501,0.071285115,-0.027531,-0.007057,-0.021273,0.010386,-0.012708215,-0.008098517,0.0154,0.054824,0.080093
2016,4,0.0091,0.0123,0.0328,-0.0297,0.019,-0.0602,0.085450479,-0.05236,0.012916,-0.072338,0.001069,-0.028587108,-0.034023655,0.0042,0.091883,0.063158
2016,5,0.0178,-0.0061,-0.0166,-0.0109,-0.0248,0.0142,-0.036970202,0.022551,-0.022596,0.009368,-0.00501,-0.027105774,-0.020976455,0.0011,-0.097984,-0.054783
2016,6,-0.0005,0.0045,-0.0148,0.014,0.0194,0.0413,-0.006428504,-0.008264,0.004911,0.00273,-0.003369,0.032601684,0.021021914,0.0144,-0.099657,-0.027757
2016,7,0.0395,0.0248,-0.0132,0.0126,-0.0118,-0.0334,-0.018600689,0.022562,-0.021903,-0.005211,0.023302,-0.010545492,-0.020481397,0.0453,-0.040977,-0.005551
2016,8,0.0049,0.0168,0.0318,-0.0185,-0.0034,-0.0349,0.013760985,-0.003905,-0.002318,-0.023925,0.009735,-0.010772815,-0.007482036,-0.0035,-0.047528,0.010971
2016,9,0.0025,0.0185,-0.0124,-0.0221,0.0003,0.0019,-0.003342925,-0.009288,0.002096,-0.03078,0.010162,0.03922935,-0.030923635,0.0003,-0.03648,0.027052
2016,10,-0.0202,-0.0402,0.0409,0.0093,0.0028,0.0059,0.026463068,0.02029,0.00869,0.030152,-0.034301,-0.013634209,0.042512752,0.0255,0.025471,0.012743
2016,11,0.0486,0.0707,0.0821,-0.0018,0.037,-0.0462,0.05222865,-0.025338,0.02978,-0.00971,0.065782,0.023165162,0.016925629,0.003,0.002498,0.083116
2016,12,0.0182,0.0041,0.0353,0.0122,-0.0023,-0.0026,0.027866613,0.008248,-0.002455,0.015371,0.006324,-0.016834861,0.045126797,-0.0118,-0.055616,5.10E-05
2017,1,0.0194,-0.0146,-0.0275,-0.0049,-0.0099,-0.0093,-0.00546143,0.006337,-0.020241,-0.013102,-0.018672,-0.01652043,-0.03989731,0.0334,0.009767,-0.027704
2017,2,0.0357,-0.0222,-0.0167,0.0047,-0.0183,-0.0165,-0.017434036,0.024684,-0.022401,0.020078,-0.016698,-0.013421149,-0.00389553,-0.0106,-0.013242,-0.048355
2017,3,0.0017,0.0074,-0.0335,0.0061,-0.0094,-0.0102,-0.026045722,0.012334,-0.012934,0.019001,0.012536,0.016607738,-0.001209885,-0.0085,0.001688,-0.017199
2017,4,0.0109,0.0048,-0.0213,0.019,-0.016,0.0048,-0.025900609,0.016603,-0.015686,0.010154,0.006004,0.007214123,0.006444072,-0.021,-0.020865,-0.048475
2017,5,0.0106,-0.0306,-0.0378,0.0095,-0.0179,0.0148,-0.047838857,0.026916,-0.01559,0.013157,-0.02572,0.014991028,0.00718586,-0.0337,0.037769,-0.07632
2017,6,0.0078,0.0258,0.0148,-0.0222,0,-0.0009,0.017143543,-0.018834,-0.005345,-0.013137,0.030521,-0.006470425,-0.021815604,0.0408,-0.022866,0.005262
2017,7,0.0187,-0.0169,-0.0031,-0.0064,-0.002,0.0168,-0.002166681,0.010232,-0.004273,0.015286,-0.011238,0.008631763,-0.011920422,0.02,-0.052939,0.011836
2017,8,0.0016,-0.0182,-0.0209,0.0014,-0.0238,0.0326,-0.027064397,0.015301,-0.028801,0.003901,-0.01456,0.012078716,-0.016099786,-0.0035,0.02812,-0.036561
2017,9,0.0251,0.0478,0.0314,-0.0147,0.0169,-0.0132,0.02233637,-0.017837,0.031398,0.004385,0.049094,-0.020164659,0.006430249,0.0281,0.00964,0.03925
2017,10,0.0225,-0.0194,0.002,0.0093,-0.0325,0.0427,-0.024791969,0.028967,-0.033035,0.013832,-0.013341,0.01067368,0.012709945,-0.0074,0.013971,-0.037386
2017,11,0.0312,-0.0033,-0.0003,0.0316,-0.0005,-0.0087,-0.001173745,0.01165,-0.004945,0.018841,0.002127,0.005848991,0.049873511,0.0042,-0.004887,-0.027735
2017,12,0.0106,-0.0107,0.0006,0.0074,0.0169,-0.0154,0.01674674,-0.010643,0.017408,0.003386,-0.009107,-0.001257916,-0.011229274,-0.0076,-0.067631,-0.035018
2018,1,0.0557,-0.0318,-0.0129,-0.0076,-0.0096,0.0405,-0.026587587,0.025698,-0.012905,-0.012835,-0.027667,0.029919354,-0.012825193,0.0066,-0.016355,0.072972
2018,2,-0.0365,0.0032,-0.0104,0.0052,-0.0237,0.0358,-0.031888778,0.04466,-0.016974,-0.007709,0.00183,0.012996515,-0.004055502,-0.0237,0.031254,-0.045563
2018,3,-0.0235,0.0359,-0.0021,-0.0046,0.0001,-0.0113,0.008635885,0.00463,-0.001097,0.001504,0.028019,-0.00275834,-0.022746256,0.0032,-0.028159,-0.043651
2018,4,0.0028,0.0093,0.0054,-0.0242,0.013,0.0036,0.021511203,-0.008221,0.01586,-0.000324,0.002757,-0.00721983,-0.021255917,-0.0078,0.01553,-0.012938
2018,5,0.0265,0.0473,-0.032,-0.0204,-0.015,0.0389,-0.032724711,0.023324,-0.009636,-0.017547,0.049641,0.017745824,-0.022095215,-0.001,-0.010057,0.013854
2018,6,0.0048,0.008,-0.0234,0.0079,0.0024,-0.0235,0.002123427,0.000872,-0.003929,0.014065,0.006134,0.007433265,-0.011879772,0.0063,0.000865,-0.00047
2018,7,0.0319,-0.0193,0.0047,0.0156,0.0035,-0.0141,0.002478556,0.014064,0.004681,0.019791,-0.013017,-0.022398021,0.03920682,0.0178,-0.057927,0.021149
2018,8,0.0344,0.0064,-0.0394,-0.0031,-0.027,0.0529,-0.04808603,0.04167,-0.024129,0.003628,0.015016,0.057738419,-0.020994518,0.0153,0.024764,0.133725
2018,9,0.0006,-0.0248,-0.017,0.0063,0.0129,0.0004,-0.001285419,0.009718,0.0145,0.007193,-0.031009,0.008634103,0.014151325,0.0008,0.039062,0.002703
2018,10,-0.0768,-0.0446,0.034,0.0094,0.0359,-0.0199,0.033509209,-0.007543,0.041724,0.012653,-0.047513,-0.000529399,0.058152851,0.0127,-0.022012,-0.033987
2018,11,0.0169,-0.0077,0.003,-0.0055,0.0039,-0.0137,-0.014138211,0.027784,-0.009826,0.006932,-0.007807,0.002073027,-0.039736259,0.0123,-0.038929,-0.006111
2018,12,-0.0957,-0.0288,-0.0184,-0.0002,0.0021,0.0211,-0.025090907,0.024925,-0.008421,0.012754,-0.030346,0.02111903,0.012464956,-0.0161,-0.048921,-0.02558
2019,1,0.084,0.0303,-0.0046,-0.008,-0.0151,-0.0868,0.030288641,-0.071445,-0.009971,-0.039593,0.020507,-0.027034347,-0.050543994,0.081,-0.052728,0.048627
2019,2,0.034,0.0174,-0.0267,0.0012,-0.0159,0.0086,-0.028323577,0.013807,-0.025881,0.00527,0.011925,0.002772762,-0.013801702,-0.0007,0.049421,-0.022186
2019,3,0.011,-0.0351,-0.0417,0.009,-0.0095,0.0221,-0.025487477,0.006648,-0.004832,0.000942,-0.034388,-0.001775221,0.002337444,0.0009,-0.025692,-0.055056
2019,4,0.0397,-0.0117,0.0215,0.0161,-0.0222,-0.0297,0.006452008,0.010612,-0.024268,0.018378,-0.002524,0.016477756,0.017289914,0.0088,0.008829,0.007981
2019,5,-0.0694,-0.0159,-0.0237,-0.0046,0.0177,0.0756,-0.038897422,0.00171,0.015221,0.006472,-0.019174,0.018641064,-0.007651153,0.0081,0.003597,-0.03224
2019,6,0.0693,0.0037,-0.0071,0.009,-0.0044,-0.023,-0.002539982,-0.004102,-0.002681,-0.001339,-0.0043,0.019980331,-0.000726251,0.0384,-0.037764,-0.003378
2019,7,0.0119,-0.0178,0.0048,-0.0008,0.0036,0.0289,-0.010109612,0.013001,0.001745,0.004834,-0.016351,0.023740649,0.025295245,-0.0021,0.02431,0.054583
2019,8,-0.0258,-0.0324,-0.0478,0.0056,-0.0068,0.0692,-0.052092629,0.015138,-0.010153,0.018765,-0.04209,0.044067806,0.007818508,-0.0239,0.022084,-0.048168
2019,9,0.0143,0.0027,0.0675,0.0184,0.0337,-0.0681,0.059588745,-0.018618,0.029758,0.017112,0.014364,-0.022828414,0.08144677,0.0505,-0.010672,-0.011288
2019,10,0.0206,0.0026,-0.0191,0.0044,-0.0096,0.0015,-0.024486862,0.019432,-0.006405,0.008396,0.00823,0.000243092,0.012597979,-0.0041,0.030576,0.035743
2019,11,0.0387,0.0044,-0.0202,-0.0159,-0.0124,-0.0266,-0.018068375,-0.006352,-0.010307,-0.013054,0.000017,-0.003588733,-0.048604094,-0.0019,0.051115,-0.004626
2019,12,0.0277,0.0097,0.0175,0.0001,0.0124,-0.0177,0.0339025,-0.007662,0.018016,-0.012858,0.013017,-0.005242031,0.001020963,0.0064,-0.039973,-0.002161
2020,1,-0.0011,-0.0438,-0.0625,-0.0117,-0.0232,0.0598,-0.084014381,0.024581,-0.023964,-0.004568,-0.047449,-0.005859457,-0.047399081,0.0256,-0.009713,0.072503
2020,2,-0.0813,0.0004,-0.0381,-0.0147,-0.0251,-0.004,-0.030559216,0.015515,-0.022206,-0.004626,-0.013723,0.005971289,-0.051875174,-0.0239,0.031232,-0.012366
2020,3,-0.1339,-0.0828,-0.1387,-0.0157,0.0124,0.0797,-0.144974102,0.119071,0.021202,0.058395,-0.084075,0.063876035,-0.026811297,-0.116,-0.004974,-0.141853
2020,4,0.1365,0.0256,-0.0133,0.0272,-0.01,-0.0523,0.104562185,-0.027459,-0.001436,-0.019135,0.033984,-0.024517169,-0.029475967,0.1568,0.040602,0.072144
2020,5,0.0558,0.0197,-0.0488,0.0095,-0.0326,0.0043,-0.036351875,0.007014,-0.037099,-0.006115,0.024777,0.001864719,-0.031861444,-0.0328,0.011854,0.032351
2020,6,0.0246,0.0196,-0.022,0.0009,0.0054,-0.0073,-0.003118118,0.016956,0.002574,0.011653,0.022921,0.043861128,0.00264951,-0.019,-0.029696,-0.091928
2020,7,0.0577,-0.032,-0.0141,0.0041,0.0102,0.0761,-0.049053083,0.013992,-0.013813,0.033555,-0.012545,0.020612519,-0.02324306,-0.033,0.056618,0.074848
2020,8,0.0763,-0.0089,-0.0297,0.0428,-0.0119,0.0055,-0.002820881,-0.016697,-0.029853,-0.007089,-0.020267,0.024474514,-0.005985819,-0.0236,0.054939,-0.004921
2020,9,-0.0363,0.0001,-0.0271,-0.0136,-0.0185,0.0312,-0.031384958,0.008072,-0.025136,0.011375,0.00592,-0.008514155,-0.016433235,0.0041,-0.006175,-0.026767
2020,10,-0.021,0.0464,0.0425,-0.0083,-0.0078,-0.0305,0.031208738,0.000726,-0.004067,-0.026512,0.026025,-0.01154578,0.012867834,0.0058,0.004884,0.001647
2020,11,0.1247,0.0711,0.0209,-0.022,0.014,-0.1243,0.125170852,-0.098294,0.031876,-0.143089,0.041354,-0.023165012,-0.049703669,0.0301,0.015022,-0.084636
2020,12,0.0463,0.0479,-0.0151,-0.0196,-0.0012,-0.0232,-0.004829003,-0.010062,-0.027157,-0.041575,0.042013,-0.002080889,-0.030144211,-0.0298,0.053841,-0.003472
2021,1,-0.0003,0.0694,0.0301,-0.0378,0.0494,0.045,0.005398716,-0.071561,0.064987,-0.019992,0.082266,-0.035425218,-0.020783466,0.0076,0.098473,-0.011357
2021,2,0.0278,0.0454,0.0715,0.0039,-0.0194,-0.0789,0.101466127,-0.056844,-0.006657,-0.061829,0.043707,0.005521587,0.033847187,0.045,-0.022016,-0.079091
2021,3,0.0308,-0.0088,0.0739,0.0636,0.0342,-0.0614,0.065054077,-0.014957,0.046803,0.044253,-0.006519,-0.030339489,0.106889518,-0.009,0.072904,-0.041957
2021,4,0.0493,-0.0316,-0.0095,0.0244,-0.027,0.0116,0.001426629,0.021599,-0.033593,0.022228,-0.030234,0.024144254,0.023910272,0.0132,0.013662,0.06268
2021,5,0.0029,0.0122,0.0709,0.0245,0.0304,0.0088,0.066425924,-0.015652,0.044315,0.025653,0.015281,0.025335728,0.063118883,0.0134,-0.12493,-0.065471
2021,6,0.0275,-0.0034,-0.0787,-0.0214,-0.0094,0.022,-0.049712443,0.036784,-0.025541,-0.012674,-0.001273,-0.019651796,-0.05876228,0.0311,-0.025103,0.075971
2021,7,0.0127,-0.0461,-0.0178,0.0546,-0.0052,-0.0228,-0.010658493,0.053209,-0.015395,0.07473,-0.030131,0.004670315,0.033122988,-0.0073,-0.000472,0.032905
2021,8,0.0291,-0.0068,-0.0015,-0.0028,-0.0179,0.0245,-0.010946764,0.023736,-0.02054,0.012468,-0.007712,0.001991337,-0.010010702,-0.0156,0.02985,0.026054
2021,9,-0.0437,0.0112,0.0508,-0.0196,0.021,0.0149,0.054396069,-0.046872,0.032832,-0.017584,0.007796,-0.000239729,-0.032094417,0.0076,0.027713,-0.017365
2021,10,0.0665,-0.027,-0.0049,0.0166,-0.0145,0.0319,-0.015775696,0.033914,-0.022802,0.033116,-0.019889,0.031987454,-0.032005288,-0.016,0.019161,0.065679
2021,11,-0.0155,-0.0177,-0.0045,0.072,0.0173,0.0088,-0.020630981,0.04796,-0.003591,0.083907,-0.006214,0.010604685,0.065836915,-0.0275,0.068546,0.105024
2021,12,0.031,-0.008,0.0326,0.0491,0.044,-0.026,0.03770262,0.012502,0.052655,0.037494,-0.005947,-0.001210159,0.089183008,-0.0021,0.016355,0.074756
2022,1,-0.0625,-0.0406,0.1275,0.0084,0.0772,-0.026,0.123898923,-0.033889,0.103845,0.007958,-0.03734,-0.031920209,0.100312547,-0.0475,0.074435,0.074471
2022,2,-0.0229,0.0292,0.0308,-0.0209,0.0312,0.0176,0.026382191,-0.042422,0.036933,-0.023836,0.031876,0.034030906,-0.028158713,-0.0332,0.092554,0.041566
2022,3,0.0305,-0.0217,-0.0181,-0.0153,0.0314,0.0301,-0.001364708,-0.014303,0.032339,-0.00112,-0.018472,-0.01250738,-0.020470049,0.0002,0.096008,-0.012424
2022,4,-0.0946,-0.0039,0.0617,0.0352,0.0589,0.0487,0.043115828,0.000161,0.060285,0.046841,0.008844,-0.009617486,0.096082453,-0.0203,-0.021264,0.074602
2022,5,-0.0034,-0.0006,0.0839,0.0156,0.0397,0.0243,0.066522205,0.012622,0.05733,0.01064,0.00807,-0.013539155,0.04242016,-0.0207,0.032163,0.081384
2022,6,-0.0843,0.013,-0.0597,0.0181,-0.0469,0.0075,-0.018779353,0.014046,-0.056119,0.010063,0.006968,-0.012509163,-0.027067578,0.0168,0.019757,-0.044681
2022,7,0.0957,0.0182,-0.0405,0.0082,-0.0683,-0.0395,-0.035180663,0.023743,-0.05596,-0.020623,0.002844,-0.021879125,-0.030418494,0.0637,-0.087521,-0.104736
2022,8,-0.0377,0.0152,0.0029,-0.0475,0.0129,0.0204,-0.000454808,-0.034257,0.027022,-0.026136,0.014702,-0.019063581,-0.008747056,0.0162,-0.006064,0.046185
2022,9,-0.0935,-0.0105,0.0005,-0.0151,-0.008,0.0351,-0.027725514,0.016949,-0.003029,0.011599,-0.017464,0.017832093,-0.011959301,-0.0169,0.002952,0.035646
2022,10,0.0783,0.0189,0.0801,0.0334,0.0664,0.0396,0.049978553,-0.00895,0.075208,0.051531,0.048084,-0.040304001,0.101531271,0.0035,-0.01651,0.124586
2022,11,0.046,-0.0274,0.0138,0.0638,0.0318,-0.0198,0.023364992,0.013382,0.021134,0.025263,-0.023135,-0.029904102,0.058581847,0.0055,-0.026131,0.026914
2022,12,-0.0641,-0.0015,0.0137,0.0025,0.042,0.0455,-0.00430418,-0.004092,0.039516,-0.004662,0.003653,0.023536141,0.035387685,-0.034,0.062467,0.056435
2023,1,0.0665,0.0441,-0.0401,-0.0244,-0.0447,-0.1601,0.048345054,-0.020987,-0.054623,-0.042413,0.047247,-0.0586,-0.0684,0.0947,-0.106486,-0.107249
2023,2,-0.0258,0.0066,-0.0081,0.0101,-0.0133,0.0015,-0.020718223,0.019794,-0.013424,0.029243,-0.001313,0.0251,0.0046,-0.0142,0.026738,-0.012735
2023,3,0.0251,-0.0694,-0.0885,0.0224,-0.0237,-0.0247,-0.083468211,0.06312,-0.032743,0.011849,-0.077886,0.0214,0.0152,-0.025,-0.008272,-0.066583
2023,4,0.0061,-0.0256,-0.0004,0.0242,0.0286,0.0162,-0.002562098,-0.005297,0.030871,-0.010976,-0.019674,-0.0229,0.0677,-0.0078,-0.002121,0.023966
2023,5,0.0035,-0.0038,-0.0772,-0.0181,-0.0722,-0.0063,-0.061374215,0.017062,-0.069667,-0.011789,-0.017025,0.0446,-0.0378,0.0403,-0.08655,-0.136889
2023,6,0.0646,0.0134,-0.0026,0.0218,-0.0162,-0.0237,0.008876068,0.002824,-0.014515,0.042909,0.026905,-0.008,-0.0043,0.0088,-0.060212,-0.009094
2023,7,0.0321,0.0286,0.0411,-0.0057,0.0057,-0.0398,0.043774321,-0.010095,-0.005918,-0.006995,0.014887,0.0009,0.0012,-0.018,0.032435,0.038567
2023,8,-0.0239,-0.0365,-0.0106,0.0343,-0.0237,0.0377,-0.006904623,0.050538,-0.008323,0.051629,-0.023035,0.025,0.0296,0.0226,-0.004587,0.046598
2023,9,-0.0524,-0.018,0.0152,0.0186,-0.0083,0.0026,0.015803695,0.030499,-0.005022,0.033765,-0.001586,0.0221,0.0222,-0.0266,0.047099,0.036466
2023,10,-0.0319,-0.0404,0.0019,0.0246,-0.0066,0.0173,-0.002546679,0.046495,-0.003951,0.05771,-0.026272,0.0152,0.0353,-0.0258,-0.085007,-0.016822
2023,11,0.0884,-0.0012,0.0164,-0.0391,-0.01,0.0275,0.004251694,-0.032768,-0.022334,-0.038269,-0.007873,-0.0338,-0.0527,0.0328,-0.040058,-0.039347
2023,12,0.0485,0.0732,0.0493,-0.0306,0.0132,-0.0553,0.03190907,-0.042574,0.004286,-0.036554,0.054177,0.0114,-0.0753,-0.0411,0.054094,0.001048
